sentence,cluster,algorithm
I thought I would give them another try since I'd never ordered a Sicilian pizza from there.,2,AHC
CORIOLANUS: Why then should I be consul?,3,AHC
"With a kind of smile, Which ne'er came from the lungs, but even thus-- For, look you, I may make the belly smile As well as speak--it tauntingly replied To the discontented members, the mutinous parts That envied his receipt; even so most fitly As you malign our senators for that They are not such as you.",3,AHC
"AUFIDIUS: If I fly, Marcius, Holloa me like a hare.",3,AHC
Classic breakfast joint.,2,AHC
"Driving by Papa J's and W says, lets stop in and get a quick dinner.",2,AHC
"New York (CNN) -- More than 80 Michael Jackson collectibles -- including the late pop star's famous rhinestone-studded glove from a 1983 performance -- were auctioned off Saturday, reaping a total $2 million.",2,AHC
"Instead, the meal that was delivered to both of us was trout with a heaping pile of spinach and mushrooms.",2,AHC
"See, our best elders.",3,AHC
"Best breakfast spot in the area, If you like diner food it is the place to go.",2,AHC
"He said they had a decent Reuben, but to be prepared to step back in time.\n\nWell, seeing as how I'm kind of addicted to late 40's and early 50's, and the whole Rat Pack scene, stepping back in time is a welcomed change in da burgh...as long as it doesn't involve 1979, which I can see all around me every day.\n\nAnd yet another shot at finding a decent Reuben in da burgh...well, that's like hunting the Holy Grail.",2,AHC
Pittsburgh ambiance.,2,AHC
SICINIUS: Fare you well.,3,AHC
Great people.,2,AHC
"MENENIUS: Well, no more.",3,AHC
The server then said he would have the meals re-made.,2,AHC
CORIOLANUS: Think upon me!,3,AHC
"All: To the pot, I warrant him.",3,AHC
Just mud.,2,AHC
Don't waste your time.,2,AHC
"Rather than a thank you or a sorry, he just speeds off (breaking the speed limit on our block) to reach his destination 50 feet away.\n\nI would call to complain, but based on the other reviews, its clear the owners do not care about Carnegie or it's residents, and its pretty well known around town just how awful their food is, so it would be pointless to boycott a place I'd never order from again anyway.\n\nDo yourself a favor and order from ANY other establishment in town.",2,AHC
The building is in a strip mall across from Carnegie Coffee Company.,2,AHC
"In 1987, when some students believed that The Observer began to show a conservative bias, a liberal newspaper, Common Sense was published.",1,AHC
"She said """"yep"""" and then abruptly turned and walked away.",3,AHC
"VOLUMNIA: Ay, worthy Menenius; and with most prosperous approbation.",3,AHC
"MENENIUS: Not according to the prayer of the people, for they love not Marcius.",3,AHC
"When the city is really smoggy, you can't see the near-by Mountains.",2,AHC
"MARCIUS: They have a leader, Tullus Aufidius, that will put you to 't.",3,AHC
"The atmosphere was pleasant in that 'blue collar bar' kind of way, and the staff was very nice, but not a winning pitch on the Reuben.\n\nThe second trip was after a long day of moving furniture with the same friend.",2,AHC
"I am no range expert, but this is the 4th one I've been to and the first I've seen of that sort of nickel and diming....\n\nPrice for the golf balls was reasonable and I do plan to be back every week until they close up in October for the season.",2,AHC
My expectations for McDonalds are t rarely high.,2,AHC
"""In 2005, the nephew of the original rescuer found the puppets in a family attic and brought them to be appraised on the PBS series 'Antiques Roadshow,' "" the Times said.",2,AHC
"What authority surfeits on would relieve us: if they would yield us but the superfluity, while it were wholesome, we might guess they relieved us humanely; but they think we are too dear: the leanness that afflicts us, the object of our misery, is as an inventory to particularise their abundance; our sufferance is a gain to them Let us revenge this with our pikes, ere we become rakes: for the gods know I speak this in hunger for bread, not in thirst for revenge.",3,AHC
"BRUTUS: Sir, I hope My words disbench'd you not.",3,AHC
"'Tis not four days gone Since I heard thence; these are the words: I think I have the letter here; yes, here it is.",3,AHC
Trying to get your 90 days mail away pharmacy prescriptions through this guy is a joke.,2,AHC
I'll be sworn they are true.,2,AHC
\n\nTo recap: Murphy's Pour House from 1979-1985.,2,AHC
"Citizens: No, no; no man saw 'em.",3,AHC
"Hoffman Ma, who bought the glove on behalf of Ponte 16 Resort in Macau, paid a 25 percent buyer's premium, which was tacked onto all final sales over $50,000.",2,AHC
"He that trusts to you, Where he should find you lions, finds you hares; Where foxes, geese: you are no surer, no, Than is the coal of fire upon the ice, Or hailstone in the sun.",3,AHC
"I saw him run after a gilded butterfly: and when he caught it, he let it go again; and after it again; and over and over he comes, and again; catched it again; or whether his fall enraged him, or how 'twas, he did so set his teeth and tear it; O, I warrant it, how he mammocked it!",3,AHC
It was gross.,2,AHC
"SICINIUS: Help, ye citizens!",3,AHC
"However our waiter, Jason, said he will do his best to get as out on time.",2,AHC
"For that I have not wash'd My nose that bled, or foil'd some debile wretch.-- Which, without note, here's many else have done,-- You shout me forth In acclamations hyperbolical; As if I loved my little should be dieted In praises sauced with lies.",3,AHC
"VIRGILIA: I thank your ladyship; well, good madam.",3,AHC
"I wouldn't want to see you walk in, roll your eyes and say 'Reaaaaaalllly?",2,AHC
"AUFIDIUS: Bolder, though not so subtle.",3,AHC
"They ne'er cared for us yet: suffer us to famish, and their store-houses crammed with grain; make edicts for usury, to support usurers; repeal daily any wholesome act established against the rich, and provide more piercing statutes daily, to chain up and restrain the poor.",3,AHC
"How youngly he began to serve his country, How long continued, and what stock he springs of, The noble house o' the Marcians, from whence came That Ancus Marcius, Numa's daughter's son, Who, after great Hostilius, here was king; Of the same house Publius and Quintus were, That our beat water brought by conduits hither; And Twice being Was his great ancestor.",3,AHC
I decided to leave because of a review where the staff seemed distracted or disinterested in my presence.\n\nThe office admin (very nice) called me to inform I am missing my appointment.,2,AHC
"VIRGILIA: Indeed, madam?",3,AHC
"Likewise, in 2003, when other students believed that the paper showed a liberal bias, the conservative paper Irish Rover went into production.",1,AHC
"VIRGILIA: No, good madam, pardon me; indeed, I will not forth.",3,AHC
I only have two bathrooms at my house and would've been hard pressed to accommodate several violently ill people at once.,2,AHC
It is still light out.,2,AHC
"CORIOLANUS: No, take more: What may be sworn by, both divine and human, Seal what I end withal!",3,AHC
"Behold, these are the tribunes of the people, The tongues o' the common mouth: I do despise them; For they do prank them in authority, Against all noble sufferance.",3,AHC
First Senator: Call Coriolanus.,3,AHC
Luckily I am able to get around to find everything.,2,AHC
"Masters o' the people, We do request your kindest ears, and after, Your loving motion toward the common body, To yield what passes here.",3,AHC
"First Soldier: I shall, sir.",3,AHC
God save your good worships!,3,AHC
Atop the Main Building's gold dome is a golden statue of the Virgin Mary.,4,AHC
"SICINIUS: The custom of request you have discharged: The people do admit you, and are summon'd To meet anon, upon your approbation.",3,AHC
Doesn't even taste good as American style Chinese food.,2,AHC
"As at most other universities, Notre Dame's students run a number of news media outlets.",1,AHC
"The staff is friendly, the equipment is quite good.",2,AHC
Don't visit this store if you want pleasant or good service.,2,AHC
"SICINIUS: On the sudden, I warrant him consul.",3,AHC
I've worked at more than one location.,2,AHC
"Well, it all started in May when we had a man named Al come out and talk to us about the process.",2,AHC
"Worshipful mutiners, Your valour puts well forth: pray, follow.",3,AHC
"Therefore, beseech you, I may be consul.",3,AHC
COMINIUS: Take't; 'tis yours.,3,AHC
COMINIUS: Where is that slave Which told me they had beat you to your trenches?,3,AHC
"As for my country I have shed my blood, Not fearing outward force, so shall my lungs Coin words till their decay against those measles, Which we disdain should tatter us, yet sought The very way to catch them.",3,AHC
"I shall tell you A pretty tale: it may be you have heard it; But, since it serves my purpose, I will venture To stale 't a little more.",3,AHC
"\n\nSo I take the initiative and ask the fine upstanding gentleman what the phone number of the order-er was, phone my neighbor and discover the mistake.",2,AHC
"It is a replica of the grotto at Lourdes, France where the Virgin Mary reputedly appeared to Saint Bernadette Soubirous in 1858.",2,AHC
"There is Aufidius; list, what work he makes Amongst your cloven army.",3,AHC
\nMeal was very tasty... We will definitely go back.,2,AHC
"LARTIUS: Worthy sir, thou bleed'st; Thy exercise hath been too violent for A second course of fight.",3,AHC
This place is truly a Yinzer's dream!!,2,AHC
Very inexpensive at $10 for a pair of pants to adjust the hem.,2,AHC
He also requested a copy of a certificate that the man behind the register was unable to produce.,2,AHC
All the same.,1,AHC
Went for breakfast on 6/16/14.,2,AHC
COMINIUS: 'Twas from the canon.,3,AHC
"At the end of the main drive (and in a direct line that connects through 3 statues and the Gold Dome), is a simple, modern stone statue of Mary.",4,AHC
"At that point my wife picked out a third option, ham and cabbage, only to be told again that """"they were out"""".",2,AHC
MARCIUS: See here these movers that do prize their hours At a crack'd drachm!,3,AHC
"First Citizen: We are accounted poor citizens, the patricians good.",3,AHC
"), and a side of that basic brown gravy served up in 5 gallon buckets.\n\nThank goodness for the basic salad bar.\n\nEven my friend admitted that her pork chops were different and not what she'd expected.",2,AHC
"The service there was fabulous, as was the meal and the drinks creative and exquisite.\n\nThere are new restaurants that have opened in Carnegie as of late.",2,AHC
"You being their mouths, why rule you not their teeth?",2,AHC
He then stuck some pink powder up in the extraction area.,2,AHC
Next to the Main Building is the Basilica of the Sacred Heart.,1,AHC
Have we no wine here?,2,AHC
"Immediately in front of the Main Building and facing it, is a copper statue of Christ with arms upraised with the legend ""Venite Ad Me Omnes"".",4,AHC
"My main issues with them were that things were not communicated to me properly up front, nor was the ongoing process communicated to me.",2,AHC
"BRUTUS: Seize him, AEdiles!",3,AHC
"\n\nHere are the highlights:\n\n-Cheap: Breakfast for two can be well under $10, with lunch around the same.\n-Crowded: Get there early and expect to wait.",2,AHC
"Your good voice, sir; what say you?",3,AHC
(CNN) -- The longest-running holiday special still has a very shiny nose.,2,AHC
They look to have a cool bar area with some modern couches and a really sweet look.,2,AHC
"VIRGILIA: But had he died in the business, madam; how then?",3,AHC
"COMINIUS: O, well begg'd!",3,AHC
"BRUTUS: Cominius, no.",3,AHC
This the courtier accepted as a good omen.,3,AHC
"My husband got a chicken parm sandwich, which is served on a yummy flat bread, and I got the chicken basil pizza ( i got an 8 cut and several ppl tried it) we all LOVED it!",2,AHC
"The rabble should have first unroof'd the city, Ere so prevail'd with me: it will in time Win upon power and throw forth greater themes For insurrection's arguing.",3,AHC
"When I was a roofing mechanic, we'd meet there before work.",2,AHC
"They have nice decor,nice bar and good bread.",2,AHC
My lettuce was drowning in the vinegar.,2,AHC
"Small, so you will want to avoid the church crowd on Sundays, but the wait is never too long.",2,AHC
"First Citizen: Very well; and could be content to give him good report fort, but that he pays himself with being proud.",3,AHC
O gods He has the stamp of Marcius; and I have Before-time seen him thus.,3,AHC
"And the root canals they said I needed, my current dentist and my endodontist both agreed that I do not need tooth canals.",2,AHC
"AEdile: Peace, peace!",3,AHC
They charged us $3.00 for the coleslaw.,2,AHC
It usually takes 2 hours of repeated calling to get an answer.,2,AHC
"The actual ravioli was okay, enough mushrooms.",2,AHC
Grimy looking hole in the wall located on one end of a seedy looking strip mall.,2,AHC
I never went back thanks to the attitude of the other members.,2,AHC
I highly recommend.,2,AHC
Barb is always here.,2,AHC
"MARCIUS: As with a man busied about decrees: Condemning some to death, and some to exile; Ransoming him, or pitying, threatening the other; Holding Corioli in the name of Rome, Even like a fawning greyhound in the leash, To let him slip at will.",3,AHC
The other side o' the city is risen: why stay we prating here?,3,AHC
No flavor or seasoning and the texture was reminiscent of spam.,2,AHC
The main guy comes back the next day and says they did it wrong.,2,AHC
"Immediately behind the basilica is the Grotto, a Marian place of prayer and reflection.",1,AHC
Very disappointed in the customer service.,2,AHC
"VOLUMNIA: Look, here's a letter from him: the state hath another, his wife another; and, I think, there's one at home for you.",3,AHC
"Not a straight shooter, but an excited salesman that wanted to sell... And we bought into it.\n\nHe told us they were backed up with the harsh winter and a lot of jobs, but they could probably start by June 24th.",2,AHC
"The mixed grill, the sausage and egg on a biscuit, the home fries.",2,AHC
Atop the Main Building's gold dome is a golden statue of the Virgin Mary.,4,AHC
COMINIUS: Stand fast; We have as many friends as enemies.,3,AHC
"Sir, I pray, let me ha't: I have wounds to show you, which shall be yours in private.",3,AHC
Now that is some good service.,2,AHC
MENENIUS: What is granted them?,3,AHC
LARTIUS: Thou worthiest Marcius!,3,AHC
He will not give refills and could less about patients's financial situations.,2,AHC
"This double worship, Where one part does disdain with cause, the other Insult without all reason, where gentry, title, wisdom, Cannot conclude but by the yea and no Of general ignorance,--it must omit Real necessities, and give way the while To unstable slightness: purpose so barr'd, it follows, Nothing is done to purpose.",3,AHC
Never would she forget the effect on Tull and his men when Venters shouted Lassiter's name.,3,AHC
"First Soldier: See, they have shut him in.",3,AHC
"I am half through; The one part suffer'd, the other will I do.",3,AHC
Absolutely Awful Service.,2,AHC
"), I would not recommend them to anyone.",2,AHC
"LARTIUS: No, I'll nor sell nor give him: lend you him I will For half a hundred years.",3,AHC
The women in this class were very nasty to me and told me that I wasn't welcome to stretch out in their class.,2,AHC
"MENENIUS: Take my cap, Jupiter, and I thank thee.",3,AHC
"After ending up on the Island of Misfit Toys and wandering for a while, Rudolph goes on to save his loved ones from the Abominable Snow Monster and guides Santa through a blizzard that threatens to ruin Christmas.",2,AHC
You deserve better and they will not be there when you really need them.,2,AHC
VOLUMNIA: Then his good report should have been my son; I therein would have found issue.,3,AHC
Before I finally made it over to this range I heard the same thing from most people - it's just fine to go work on your swing.,2,AHC
It was so bad that I only ate 1/4 of it and tossed the rest.,2,AHC
where go you With bats and clubs?,2,AHC
Where did everyone go?,2,AHC
Big mistake.,2,AHC
Neat thing is that the grill is right in front of you so you can see your potatoes and eggs frying in a pool of fresh grease.,2,AHC
Does that make you a little worried?,2,AHC
"With other muniments and petty helps In this our fabric, if that they-- MENENIUS: What then?",3,AHC
"MENENIUS: He's a bear indeed, that lives like a lamb.",3,AHC
Have you ever been to some big cities in the world?,2,AHC
"I asked for hot tea, they said 10 minutes.",2,AHC
"It's not that hard to keep me updated, it is 2014 with a million ways to be contacted.\n\nEven though I have a nice deck (after I clean things up myself!",2,AHC
"Herald: Know, Rome, that all alone Marcius did fight Within Corioli gates: where he hath won, With fame, a name to Caius Marcius; these In honour follows Coriolanus.",3,AHC
AUFIDIUS: Is it not yours?,3,AHC
"Cheap, unpretentious, and, for this, one of my favorite breakfast joints in the country.",2,AHC
"After waiting for almost 30 minutes to trade in an old phone part of the buy back program, our customer service rep incorrectly processed the transaction.",2,AHC
SICINIUS: 'Twere well We let the people know't.,3,AHC
"My boyfriend got the fish sandwich, he enjoyed it as well.",2,AHC
"MARCIUS: Go, get you home, you fragments!",3,AHC
"Now that's fresh.\n\nWe want to return sometime for """"turkey day."""" Apparently they made fresh turkey every Tuesday.",2,AHC
Atop the Main Building's gold dome is a golden statue of the Virgin Mary.,4,AHC
"Immediately behind the basilica is the Grotto, a Marian place of prayer and reflection.",1,AHC
"They said they were an-hungry; sigh'd forth proverbs, That hunger broke stone walls, that dogs must eat, That meat was made for mouths, that the gods sent not Corn for the rich men only: with these shreds They vented their complainings; which being answer'd, And a petition granted them, a strange one-- To break the heart of generosity, And make bold power look pale--they threw their caps As they would hang them on the horns o' the moon, Shouting their emulation.",3,AHC
No one can beat it!!!,2,AHC
"""The legacy that [Jackson] left behind is bigger than life for me,"" Orange said.",2,AHC
"It wasn't great, but they swore it was because they'd run out of the bread.",2,AHC
The host advised us it is a 90 minute service.,2,AHC
Diner food is what's up and I like it.,2,AHC
MENENIUS: A hundred thousand welcomes.,3,AHC
BRUTUS: In that there's comfort.,3,AHC
VIRGILIA: The gods grant them true!,3,AHC
"\n\nThe rooms contain a nice kitchenette area with a full sized refrigerator, sink, cabinets and two burners.",2,AHC
Found my puppy treats and moved on.,2,AHC
"I ordered some mix of eggs, bacon and pancakes - and got 2 dinner-sized plates, one loaded with pancakes and the other stuffed with eggs, bacon, and home fries.",2,AHC
A rider's love of a thoroughbred shone in them.,3,AHC
"VOLUMNIA: He had, before this last expedition, twenty-five wounds upon him.",3,AHC
"SICINIUS: Doubt not The commoners, for whom we stand, but they Upon their ancient malice will forget With the least cause these his new honours, which That he will give them make I as little question As he is proud to do't.",3,AHC
"MENENIUS: Do not cry havoc, where you should but hunt With modest warrant.",3,AHC
"Third Citizen: We have been called so of many; not that our heads are some brown, some black, some auburn, some bald, but that our wits are so diversely coloured: and truly I think if all our wits were to issue out of one skull, they would fly east, west, north, south, and their consent of one direct way should be at once to all the points o' the compass.",3,AHC
"CORIOLANUS: I'll give my reasons, More worthier than their voices.",3,AHC
"Sorry--can't wait that long to get a warranted repair, They lost my business for good.",2,AHC
CORIOLANUS: What makes this change?,3,AHC
"Our waiter looked like a 19 year old gas station attendant, skinny little blonde guy with a sweet but incredibly naive face, and an air of vapidity, which was confirmed when I placed my order.",2,AHC
"VOLUMNIA: Honourable Menenius, my boy Marcius approaches; for the love of Juno, let's go.",3,AHC
"Gentlewoman: Madam, the Lady Valeria is come to visit you.",3,AHC
"Second Citizen: Not one amongst us, save yourself, but says He used us scornfully: he should have show'd us His marks of merit, wounds received for's country.",3,AHC
"To a cruel war I sent him; from whence he returned, his brows bound with oak.",3,AHC
"This is the kind of neighborhood dive that I could see Frank and Dino pulling a few tables together for some poker, a fish sammich, and some cheap scotch.",2,AHC
We had salads and pasta.,2,AHC
This may have been the best fish sandwich I've yet to have in da burgh.,2,AHC
"COMINIUS: You shall not be The grave of your deserving; Rome must know The value of her own: 'twere a concealment Worse than a theft, no less than a traducement, To hide your doings; and to silence that, Which, to the spire and top of praises vouch'd, Would seem but modest: therefore, I beseech you In sign of what you are, not to reward What you have done--before our army hear me.",3,AHC
Truly.,2,AHC
But the best thing they have is their wings.,2,AHC
"I understand things happen and things get delayed, but just email or call me.",2,AHC
\nI will never go back to Flynn's b/c of the way this guy treated me and the simple fact that they gave me a used tire!,2,AHC
"Why, had your bodies No heart among you?",3,AHC
At one hour and 45 minutes complained to the manager that we still had not received out entrees.,2,AHC
Finally I called back and the admin told me that the survey could take a couple weeks to come back.,2,AHC
VOLUMNIA: He'll beat Aufidius 'head below his knee And tread upon his neck.,3,AHC
"Come on, my fellows: He that retires I'll take him for a Volsce, And he shall feel mine edge.",3,AHC
Second Citizen: And will deny him: I'll have five hundred voices of that sound.,3,AHC
Ahhhh da burgh.\n\nThird base?,2,AHC
Fifth Citizen: We hope to find you our friend; and therefore give you our voices heartily.,3,AHC
Papa J's is no longer the only game in town.,2,AHC
"As I said before, I've been to PaPa J's a good handful of times so I know the menu decently well, but the server couldn't explain any of the questions I had about a couple new dishes I was thinking about trying.",2,AHC
"I mean to stride your steed, and at all times To undercrest your good addition To the fairness of my power.",3,AHC
"After arguing with the guy and telling him that his logic was far fetched he said he'd give me a new tire """"this time"""".",2,AHC
"Upon my party, I'ld revolt to make Only my wars with him: he is a lion That I am proud to hunt.",3,AHC
"SICINIUS: We are convented Upon a pleasing treaty, and have hearts Inclinable to honour and advance The theme of our assembly.",3,AHC
The Italian had deli meat that was clearly bottom of the line and not very generous.,2,AHC
"Sixth Citizen: He has done nobly, and cannot go without any honest man's voice.",3,AHC
I had one tooth that I had a recent root canal on and a few small cavities that needed filled.,2,AHC
Both my adult children and husband have decided to leave this practice after experiencing such frustration.,2,AHC
"Messenger: The citizens of Corioli have issued, And given to Lartius and to Marcius battle: I saw our party to their trenches driven, And then I came away.",3,AHC
"CORIOLANUS: Well then, I pray, your price o' the consulship?",3,AHC
"Were he the butcher of my son, he should Be free as is the wind.",3,AHC
"Fare you well, then.",3,AHC
It's with regret that I feel that I have to give Dr. Goldberg 2 stars.,2,AHC
"Nay, keep your place.",3,AHC
"First Citizen: He shall well know The noble tribunes are the people's mouths, And we their hands.",3,AHC
"Third Citizen: We do, sir; tell us what hath brought you to't.",3,AHC
Paddy's Pour House from 2002-2012.,2,AHC
I have never felt compelled to write a bad review about anyone until I met this pathetic excuse for a doctor who is all about the money.,2,AHC
I was in so much pain for 2 weeks following the extraction.,2,AHC
CORIOLANUS: I do owe them still My life and services.,3,AHC
"Bread or not, it still wasn't great.",2,AHC
"If you want average food and terrible service, this is your place.",2,AHC
This it the very definition of diner.,2,AHC
"what barm can your bisson conspectuities glean out of this character, if I be known well enough too?",3,AHC
"As the lunch hour went on, they were getting busy.\n\nEmil's is no frills, good portions, very reasonable prices, VERY comfortable neighborhood hole in the wall...kind of like Cheers, but in a blue collar neighborhood in the 1950's.",2,AHC
or I shall shake thy bones Out of thy garments.,3,AHC
O good but most unwise patricians!,3,AHC
Second Citizen: Why that way?,3,AHC
"Papa J's is by far my favorite restaurant in Pittsburgh, my hometown.",2,AHC
"Advance, brave Titus: They do disdain us much beyond our thoughts, Which makes me sweat with wrath.",3,AHC
VALERIA: Not out of doors!,3,AHC
"In 2006, the New York Times reported that fans drove for miles to see the Rudolph and Santa Claus puppets at the Center for Puppetry Arts in Atlanta.",2,AHC
"COMINIUS: Though thou speak'st truth, Methinks thou speak'st not well.",3,AHC
"SICINIUS: This, as you say, suggested At some time when his soaring insolence Shall touch the people--which time shall not want, If he be put upon 't; and that's as easy As to set dogs on sheep--will be his fire To kindle their dry stubble; and their blaze Shall darken him for ever.",3,AHC
Visitors like to go to the film studios and to drive along Hollywood Street.,2,AHC
Could he not speak 'em fair?,3,AHC
"The fish sandwich is good and is a large portion, sides are decent.",2,AHC
"OK, its Friday night and have about 70 minutes to eat.",2,AHC
Third Citizen: He's not confirm'd; we may deny him yet.,3,AHC
"After the so called dentist - Dr Carnavali - did my exam, I needed 3 additional root canals and an extraction!",2,AHC
"Only a handful of volumes survive from this period, though some are very significant.",1,AHC
AUFIDIUS: We hate alike: Not Afric owns a serpent I abhor More than thy fame and envy.,3,AHC
"COMINIUS: Our spoils he kick'd at, And look'd upon things precious as they were The common muck of the world: he covets less Than misery itself would give; rewards His deeds with doing them, and is content To spend the time to end it.",3,AHC
"BRUTUS: Which the rather We shall be blest to do, if he remember A kinder value of the people than He hath hereto prized them at.",3,AHC
Terrible service...terrible food...this place smells like rotten wet wood,2,AHC
"What's the matter, That in these several places of the city You cry against the noble senate, who, Under the gods, keep you in awe, which else Would feed on one another?",3,AHC
Map shown on Yelp page is incorrect.,2,AHC
"What's the matter, you dissentious rogues, That, rubbing the poor itch of your opinion, Make yourselves scabs?",3,AHC
MENENIUS: He loves your people But tie him not to be their bedfellow.,3,AHC
have you chose this man?,2,AHC
MARCIUS: Will the time serve to tell?,3,AHC
VIRGILIA: His bloody brow!,3,AHC
Appalling!!,2,AHC
"Second Citizen: You are never without your tricks: you may, you may.",3,AHC
We finally got our survey.,2,AHC
"VIRGILIA: No, at a word, madam; indeed, I must not.",3,AHC
This little unassuming building with an add-on entrance with what looked like a very old hand painted sign stating quite simply 'Emil's.,2,AHC
"All in all, we'd like to go back again, but we want Jasmine!",2,AHC
Always packed here and always a wait but worth it.,2,AHC
Now that sounds good!\n\nCan't wait to return.,2,AHC
"Third Citizen: To lose itself in a fog, where being three parts melted away with rotten dews, the fourth would return for conscience sake, to help to get thee a wife.",3,AHC
This kind of service Did not deserve corn gratis.,2,AHC
Ugh.,2,AHC
"Jackson wore the glove at a 1983 performance during ""Motown 25,"" an NBC special where he debuted his revolutionary moonwalk.",2,AHC
Came here with no expectations.,2,AHC
"But that's no matter, the greater part carries it.",3,AHC
"Prices are about middle of the road for an authentic Italian place, nothing crazy.",2,AHC
"First Citizen: Should by the cormorant belly be restrain'd, Who is the sink o' the body,-- MENENIUS: Well, what then?",3,AHC
I'm writing this review to give you a heads up before you see this Doctor.,2,AHC
Atop the Main Building's gold dome is a golden statue of the Virgin Mary.,4,AHC
"CORIOLANUS: Know, good mother, I had rather be their servant in my way, Than sway with them in theirs.",3,AHC
They do unnecessary extractions so they can do a more expensive procedure such as a bridge or an implant.,2,AHC
"Hear me profess sincerely: had I a dozen sons, each in my love alike and none less dear than thine and my good Marcius, I had rather had eleven die nobly for their country than one voluptuously surfeit out of action.",3,AHC
"His heart's his mouth: What his breast forges, that his tongue must vent; And, being angry, does forget that ever He heard the name of death.",3,AHC
Obviously this is the way a simple complaint is handled by management.,2,AHC
"COMINIUS: That is the way to lay the city flat; To bring the roof to the foundation, And bury all, which yet distinctly ranges, In heaps and piles of ruin.",3,AHC
"By the elements, If e'er again I meet him beard to beard, He's mine, or I am his: mine emulation Hath not that honour in't it had; for where I thought to crush him in an equal force, True sword to sword, I'll potch at him some way Or wrath or craft may get him.",3,AHC
Seems simple.\n\nFinally we get the permit and work is supposed to start.,2,AHC
"CORIOLANUS: No, I'll die here.",3,AHC
CORIOLANUS: You are like to do such business.,3,AHC
"The Vatican Library is a research library for history, law, philosophy, science and theology.",1,AHC
"SICINIUS: You show too much of that For which the people stir: if you will pass To where you are bound, you must inquire your way, Which you are out of, with a gentler spirit, Or never be so noble as a consul, Nor yoke with him for tribune.",3,AHC
"When you finally do get inside, you see that there are 15 tables and a counter, all occupied by people from all walks of life.\n\nWhat's the attraction behind this flea hole?",2,AHC
"The highly prized memorabilia, which included items spanning the many stages of Jackson's career, came from more than 30 fans, associates and family members, who contacted Julien's Auctions to sell their gifts and mementos of the singer.",2,AHC
Next to the Main Building is the Basilica of the Sacred Heart.,1,AHC
"you were got in fear, Though you were born in Rome:' his bloody brow With his mail'd hand then wiping, forth he goes, Like to a harvest-man that's task'd to mow Or all or lose his hire.",3,AHC
\n\nThe guys in the pro shop were two of the friendlier guys I've come across at ranges or at courses.,2,AHC
"Who sensibly outdares his senseless sword, And, when it bows, stands up.",3,AHC
"Begun as a one-page journal in September 1876, the Scholastic magazine is issued twice monthly and claims to be the oldest continuous collegiate publication in the United States.",1,AHC
Third Roman: A murrain on't!,3,AHC
"SICINIUS: Such a nature, Tickled with good success, disdains the shadow Which he treads on at noon: but I do wonder His insolence can brook to be commanded Under Cominius.",3,AHC
"Senators, &C: We'll surety him.",3,AHC
Very very oily.,2,AHC
"you herd of--Boils and plagues Plaster you o'er, that you may be abhorr'd Further than seen and one infect another Against the wind a mile!",3,AHC
First Senator: Our army's in the field We never yet made doubt but Rome was ready To answer us.,3,AHC
"First Citizen: If I must not, I need not be barren of accusations; he hath faults, with surplus, to tire in repetition.",3,AHC
My husbands salmon was burnt to a crisp and my sister in law took one bite of her trout and refused to eat any more because she claims it was so disgusting.,2,AHC
"If he have power Then vail your ignorance; if none, awake Your dangerous lenity.",3,AHC
"Also we were asked if we wanted pine nuts, feta or Gorgonzola on our salad and then were charged 2.00 extra per item in addition to the salad price (6.99) which brought the salad up to 10.99 !",2,AHC
"""Created for about $5,000 each in 1964, they were valued at $8,000 to $10,000 for the pair.",2,AHC
I had to force myself in front of a cashier who opened his register to wait on the person BEHIND me.,2,AHC
This place is equipped with lights yet they only sell buckets of balls until 730.,2,AHC
The office staff and administration are very unprofessional.,2,AHC
I have done As you have done; that's what I can; induced As you have been; that's for my country: He that has but effected his good will Hath overta'en mine act.,3,AHC
"Good Luck getting a seat, that's all I have to say.",2,AHC
"VIRGILIA: I will wish her speedy strength, and visit her with my prayers; but I cannot go thither.",3,AHC
"First Officer: Come, come, they are almost here.",3,AHC
"No chicken pot pie, no shepherds pie, etc.",2,AHC
Their prices have gone way up-$400 for 4 mid-level tires for a Toyota.,2,AHC
"MENENIUS: Come, enough.",3,AHC
Do yourself a favor and frequent any of the other restaurants that are within walking distance of Papa J's.,2,AHC
BRUTUS: Good or bad?,3,AHC
The french toast was made with the best Italian bread.,2,AHC
"The kingly-crowned head, the vigilant eye, The counsellor heart, the arm our soldier, Our steed the leg, the tongue our trumpeter.",3,AHC
"He was not screaming or belligerent in any way, shape, or form; simply informing the manager of what had occurred.",2,AHC
CORIOLANUS: Have you inform'd them sithence?,3,AHC
Senators: To Coriolanus come all joy and honour!,3,AHC
"MENENIUS: And 'twas time for him too, I'll warrant him that: an he had stayed by him, I would not have been so fidiused for all the chests in Corioli, and the gold that's in them.",3,AHC
"The tables, the decorations, the menu.",2,AHC
"When Jerd led out this slender, beautifully built horse Lassiter suddenly became all eyes.",3,AHC
"Two meals, on the recommendation of a friend who lives near the place, and after the second trip, I was compelled to write.",2,AHC
"Third Citizen: We have power in ourselves to do it, but it is a power that we have no power to do; for if he show us his wounds and tell us his deeds, we are to put our tongues into those wounds and speak for them; so, if he tell us his noble deeds, we must also tell him our noble acceptance of them.",3,AHC
It is the best white pizza I have ever had.,2,AHC
"But as we sat and ate, burgers came out to an adjoining table.",2,AHC
"LARTIUS: Now the fair goddess, Fortune, Fall deep in love with thee; and her great charms Misguide thy opposers' swords!",3,AHC
"Likewise, in 2003, when other students believed that the paper showed a liberal bias, the conservative paper Irish Rover went into production.",1,AHC
"""I reckon so,"" he had replied.",3,AHC
CORIOLANUS: May I change these garments?,3,AHC
"MENENIUS: The senators of Rome are this good belly, And you the mutinous members; for examine Their counsels and their cares, digest things rightly Touching the weal o' the common, you shall find No public benefit which you receive But it proceeds or comes from them to you And no way from yourselves.",3,AHC
"In a few minutes we had our wine, then in a few more seconds we had our salads and some great homemade Italian bread with some olive oil and balsamic ving.",2,AHC
"MENENIUS: Be calm, be calm.",3,AHC
MENENIUS: This is strange.,3,AHC
"The nine student-run outlets include three newspapers, both a radio and television station, and several magazines and journals.",1,AHC
"LARTIUS: He had, my lord; and that it was which caused Our swifter composition.",3,AHC
"\n\nMy guess is that the entire place needs (no, strike that .... demands) an automated food/beverage ticketing system.",2,AHC
"Second Citizen: One word, good citizens.",3,AHC
"And hark, what noise the general makes!",3,AHC
Every procedure she has done to my teeth has backfired.,2,AHC
I'm glad i did too.,2,AHC
"It literally took him two trips back to the kitchen to 'ask', and the child honestly had no clue what 'white meat' and 'dark meat' meant.",2,AHC
Say we read lectures to you.,3,AHC
"Immediately behind the basilica is the Grotto, a Marian place of prayer and reflection.",1,AHC
"Went to Papa J's awhile ago and the service was bad - the waiter was surly, rude and unhelpful.. Decided to try it again since it is close to Stage 62.",2,AHC
Hell you need even less people now with the advent of the machine that doles out the balls.,2,AHC
MENENIUS: He's right noble: Let him be call'd for.,3,AHC
Let's talk about the hours.,2,AHC
"COMINIUS: Well, on to the market-place.",3,AHC
What should the people do with these bald tribunes?,3,AHC
"MENENIUS: Fie, fie, fie!",3,AHC
"My wife asked for a glass of water 4 times until she finally got it (at which point the meal was over, so we didn't care at that point).",2,AHC
Although I'm not sure I would recommend it if you're working were there's no bathrooms.,2,AHC
he was wont to come home wounded.,3,AHC
I also like the seasoned salt wings.,2,AHC
After arguing with me he ended up taking $6 off of our $200+ bill.,2,AHC
"In her fear she so controlled her mind that she did not whisper this Mormon's name to her own soul, she did not even think it.",3,AHC
"MENENIUS: You'll mar all: I'll leave you: pray you, speak to 'em, I pray you, In wholesome manner.",3,AHC
A Patrician: This man has marr'd his fortune.,3,AHC
First Citizen: Your belly's answer?,3,AHC
Nothing is served on the side with main dishes ....,2,AHC
"SICINIUS: It shall be to him then as our good wills, A sure destruction.",3,AHC
"Bad food, slow service and rude managers.",2,AHC
Go to Papa j's every once in a while but mostly for the White Pizza.,2,AHC
"the one affrights you, The other makes you proud.",3,AHC
Food was luke warm at best.,2,AHC
There's in all two worthy voices begged.,3,AHC
"CORIOLANUS: That I'll straight do; and, knowing myself again, Repair to the senate-house.",3,AHC
"MENENIUS: Why, 'tis no great matter; for a very little thief of occasion will rob you of a great deal of patience: give your dispositions the reins, and be angry at your pleasures; at the least if you take it as a pleasure to you in being so.",3,AHC
My husband and I went to Emmert Dental in Bethel Park for a routine cleaning and check up.,2,AHC
\n\nAs for the rest of the place - it's always been kind of dirty inside.,2,AHC
MARCIUS: I'll fight with none but thee; for I do hate thee Worse than a promise-breaker.,3,AHC
"All Citizens: Amen, amen.",3,AHC
Can't wait to experience it!,2,AHC
Coming here you get the feeling they haven't changed much.,2,AHC
You must in no way say he is covetous.,3,AHC
"\n\nSo good food, great looking place.. one bad waitress.",2,AHC
"None of the cooks, bartenders, or waitresses know who ordered what nor what ticket belongs to which table.",2,AHC
The iced tea is also terrible tasting.,2,AHC
"In 1987, when some students believed that The Observer began to show a conservative bias, a liberal newspaper, Common Sense was published.",1,AHC
"Architecturally, the school has a Catholic character.",1,AHC
"Architecturally, the school has a Catholic character.",1,AHC
MARCIUS: Thy friend no less Than those she placeth highest!,3,AHC
Great little place.,2,AHC
COMINIUS: But how prevail'd you?,3,AHC
I arrived at 8:50.,2,AHC
"Citizens: He shall, sure on't.",3,AHC
"'Rocky' would definitely describe the experiences.\n\nOn the first trip, I went to try their (at that time)raved about Reuben.",2,AHC
He is not a caring doctor.,2,AHC
"VIRGILIA: Beseech you, give me leave to retire myself.",3,AHC
CORIOLANUS: Are these your herd?,3,AHC
"Just call me and tell me they're waiting for the permit, but they'll work towards asking Dormont what the hold up is.",2,AHC
"The manager started yelling at the cashiers for """"serving off their orders"""" when they didn't have their food.",2,AHC
CORIOLANUS: Have I had children's voices?,3,AHC
Their wings are simply fantastic!!,2,AHC
"BRUTUS: AEdiles, seize him!",3,AHC
So there are resentful tire slashers?,2,AHC
How shall this bisson multitude digest The senate's courtesy?,3,AHC
"The family sold both figures to Kevin A. Kriess, the president of TimeandSpaceToys.com and a lifelong fan of the Rankin-Bass films.""",2,AHC
The Fettuccine Carbanara was very good; a thick cream sauce with bacon and ricotta.,2,AHC
"MENENIUS: Now, the gods crown thee!",3,AHC
\n\nI have ordered from here in the past and always been disappointed.,2,AHC
You two are old men: tell me one thing that I shall ask you.,3,AHC
"MENENIUS: There was a time when all the body's members Rebell'd against the belly, thus accused it: That only like a gulf it did remain I' the midst o' the body, idle and unactive, Still cupboarding the viand, never bearing Like labour with the rest, where the other instruments Did see and hear, devise, instruct, walk, feel, And, mutually participate, did minister Unto the appetite and affection common Of the whole body.",3,AHC
He told me he would bug the guy about it and we finally got it.,2,AHC
The Dome yearbook is published annually.,1,AHC
So I hung up not knowing what was going on.,2,AHC
I am not sure that I could find it again on my own...it really is a hidden gem.,2,AHC
"The whole wings are good size and crispy, but for $1 a wing the sauce could be better.",2,AHC
I've stayed at a couple of Extended Stay sites that I found quite satisfactory and this location proved to be just as good.,2,AHC
This place will give you the best fish sandwich in Pittsburgh.,2,AHC
And the service was pretty absent to make it even worse... seemed she knew it was terrible and didn't want to deal with it.,2,AHC
"This is true, on mine honour; and so, I pray, go with us.",3,AHC
"I had 3 employees surrounding me, pressuring me for this bone graft.",2,AHC
CORIOLANUS: I had rather have one scratch my head i' the sun When the alarum were struck than idly sit To hear my nothings monster'd.,3,AHC
Food was NOT GOOD at all!,2,AHC
"There is the man of my soul's hate, Aufidius, Piercing our Romans: then, valiant Titus, take Convenient numbers to make good the city; Whilst I, with those that have the spirit, will haste To help Cominius.",3,AHC
All will be naught else.,3,AHC
She took extra time with the older ladies in our group to help them with their selections... \n\nNow... the other waitress.. Mary something was so incompetent... She was awful and rude.,2,AHC
I wish Al would have told us that.\n\nSo our June 24th date came and went.,2,AHC
A pound of fish on a fish-shaped bun (as opposed to da burgh's seemingly popular hamburger bun).,2,AHC
"This paltering Becomes not Rome, nor has Coriolanus Deserved this so dishonour'd rub, laid falsely I' the plain way of his merit.",3,AHC
I love the food and the service.,2,AHC
"Citizens: Yield, Marcius, yield!",3,AHC
"BRUTUS: Not unlike, Each way, to better yours.",3,AHC
In and out in 60 minutes.,2,AHC
"Her arm was broken or smth but she still dis a great job!\nStrawberry lemonade was just smth i have been craving for for so long but did not know what it was :) \nStrawberry milkshake, nachos and t bone steak is smth we never stop ordering!\nIts always nice when u go late at night like us, it is not crowded, not noisy, nice music playing and always nice people around.",2,AHC
\n\nA big red flag to me was the extra charge ($3) to hit off the grass.,2,AHC
"Then when it was time to sing and cut the cake, my sister in law said 'oh hey can you get the cake so we can sing?'",2,AHC
Citizens: Down with him!,3,AHC
First Citizen: He's one honest enough: would all the rest were so!,3,AHC
"I seriously CRAVE a true, good NY Reuben, but since I can't afford to travel right now, what I find in da burgh will have to do.",2,AHC
"SICINIUS: To the Capitol, come: We will be there before the stream o' the people; And this shall seem, as partly 'tis, their own, Which we have goaded onward.",3,AHC
"The biggest breakfast in Pittsburgh, as far as I can tell - and delicious and cheap too.",2,AHC
I would definitely stay at this location again and highly recommend it.,2,AHC
"The service is terrible, the staff seem to be generally clueless, the management is inclined to blame the staff for their own mistakes, and there's no sense of FAST in their fast food.",2,AHC
"and now again Of him that did not ask, but mock, bestow Your sued-for tongues?",3,AHC
"You know the cause, air, of my standing here.",3,AHC
Both were on the verge of inedible.,2,AHC
and go along with us.,3,AHC
"Thus it is: the Volsces have an army forth; against whom Cominius the general is gone, with one part of our Roman power: your lord and Titus Lartius are set down before their city Corioli; they nothing doubt prevailing and to make it brief wars.",3,AHC
MENENIUS: The augurer tells me we shall have news to-night.,3,AHC
I'm assuming this was the bone graft.,2,AHC
"As at most other universities, Notre Dame's students run a number of news media outlets.",1,AHC
The food was fantastic was very food and just the right price.,2,AHC
"Jackson's flashy glove was the big-ticket item of the night, fetching $420,000 from a buyer in Hong Kong, China.",2,AHC
BRUTUS: The people are incensed against him.,3,AHC
We were mad!,2,AHC
We need more Irish pubs and local old time watering holes.,2,AHC
The inspector looked at me like I was crazy for waiting on my food despite the obvious poor conditions.,2,AHC
"VALERIA: My ladies both, good day to you.",3,AHC
"when drums and trumpets shall I' the field prove flatterers, let courts and cities be Made all of false-faced soothing!",3,AHC
The only thing I would say is to increase some of the cardio equipment.,2,AHC
"When steel grows soft as the parasite's silk, Let him be made a coverture for the wars!",3,AHC
"First Citizen: And to make us no better thought of, a little help will serve; for once we stood up about the corn, he himself stuck not to call us the many-headed multitude.",3,AHC
Fourth Citizen: You have received many wounds for your country.,3,AHC
First Citizen: You are all resolved rather to die than to famish?,3,AHC
"SICINIUS: There, Coriolanus.",3,AHC
"Yards were indeed marked and there are some targets to aim for, and even some hazards to aim away from.",2,AHC
"With a single glass of wine, I felt downright robbed at the $50 price tag.",2,AHC
"On the outside, there are about a dozen people waiting to get in.",2,AHC
"She wanted him to take charge of her cattle and horse and ranges, and save them if that were possible.",3,AHC
Most unprofessional gym ever!!!,2,AHC
"All: Come, come.",3,AHC
"SICINIUS: It is a mind That shall remain a poison where it is, Not poison any further.",3,AHC
"Just to start off, we were a party of 12, which is always a little difficult.",2,AHC
"SICINIUS: One thus descended, That hath beside well in his person wrought To be set high in place, we did commend To your remembrances: but you have found, Scaling his present bearing with his past, That he's your fixed enemy, and revoke Your sudden approbation.",3,AHC
First Citizen: We have ever your good word.,3,AHC
Messenger: They lie in view; but have not spoke as yet.,3,AHC
"Scholars have traditionally divided the history of the library into five periods, Pre-Lateran, Lateran, Avignon, Pre-Vatican and Vatican.",1,AHC
"CORIOLANUS: I will go wash; And when my face is fair, you shall perceive Whether I blush or no: howbeit, I thank you.",3,AHC
"COMINIUS: They are worn, lord consul, so, That we shall hardly in our ages see Their banners wave again.",3,AHC
MARCIUS: Yonder comes news.,3,AHC
"VOLUMNIA: I know not where to turn: O, welcome home: And welcome, general: and ye're welcome all.",3,AHC
"We shall be shorten'd in our aim, which was To take in many towns ere almost Rome Should know we were afoot.",3,AHC
"Nay, more, Some parcels of their power are forth already, And only hitherward.",3,AHC
"Normally, I may have asked for a manager, but at this point I was ready to just get out of there (plus, we had to be somewhere else that night).\n\nMy opinion... for the money, there are many other restaurants I would rather eat at.",2,AHC
"Then they left everything unfinished in my eyes, leaving the site dirty.",2,AHC
This place has none of them.,2,AHC
"VALERIA: In troth, I think she would.",3,AHC
THEY ARE BUTCHERS!,3,AHC
SICINIUS: Be-mock the modest moon.,3,AHC
"COMINIUS: March on, my fellows: Make good this ostentation, and you shall Divide in all with us.",3,AHC
"Seventh Citizen: Therefore let him be consul: the gods give him joy, and make him good friend to the people!",3,AHC
"They'll sit by the fire, and presume to know What's done i' the Capitol; who's like to rise, Who thrives and who declines; side factions and give out Conjectural marriages; making parties strong And feebling such as stand not in their liking Below their cobbled shoes.",3,AHC
Not what the special was at all.,2,AHC
Then I was hit with a bill of $569.00!,2,AHC
Nah...why bother when there are so many other options around.,2,AHC
THE WORST DENTAL EXPERIENCE OF MY LIFE.,2,AHC
"There's some among you have beheld me fighting: Come, try upon yourselves what you have seen me.",3,AHC
"Few as the words were, Jane knew how infinitely much they implied.",3,AHC
Been going to Dr. Goldberg for over 10 years.,2,AHC
SICINIUS: Pass no further.,3,AHC
Someone should buy this place and turn it into what it should be.,2,AHC
"I took my car to a local mechanic to see if i could get the hole patched, but they said the reason I had a flat was because the previous patch had blown - WAIT, WHAT?",2,AHC
"First Citizen: Once, if he do require our voices, we ought not to deny him.",3,AHC
We ate about a quarter of the food & couldn't even finish it.,2,AHC
"VOLUMNIA: Away, you fool!",3,AHC
"We felt confident in going with them, and booked it.\n\nHere's where things fell apart.",2,AHC
AUFIDIUS: And keep your honours safe!,3,AHC
Who has time for that or wants to deal with it?,2,AHC
I don't think I ask much out of a driving range.,2,AHC
for dipping.,2,AHC
"The chapel bell tinkled out its summons, and the garrison trooped faithfully to Mass.",3,AHC
"SICINIUS: Therefore lay hold of him; Bear him to the rock Tarpeian, and from thence Into destruction cast him.",3,AHC
"Valentina, little recking now whether the castle held or fell, and still less such trifles as Gonzaga's attendance at Mass, had assented without heeding the import of what he said.",3,AHC
"LARTIUS: O,'tis Marcius!",3,AHC
"I left a message with multiple people regarding my bill, and no one ever called me back.",2,AHC
"Second Citizen: What he cannot help in his nature, you account a vice in him.",3,AHC
"MENENIUS: BRUTUS: Sir, those cold ways, That seem like prudent helps, are very poisonous Where the disease is violent.",3,AHC
We are very great full that we discovered her.,2,AHC
\n\nI really really want this place to do better.,2,AHC
Not worth it at all with all the other good Italian options around.,2,AHC
"Likewise, in 2003, when other students believed that the paper showed a liberal bias, the conservative paper Irish Rover went into production.",1,AHC
I never imagined how confusing a question that could possibly be.,2,AHC
"For this last, Before and in Corioli, let me say, I cannot speak him home: he stopp'd the fliers; And by his rare example made the coward Turn terror into sport: as weeds before A vessel under sail, so men obey'd And fell below his stem: his sword, death's stamp, Where it did mark, it took; from face to foot He was a thing of blood, whose every motion Was timed with dying cries: alone he enter'd The mortal gate of the city, which he painted With shunless destiny; aidless came off, And with a sudden reinforcement struck Corioli like a planet: now all's his: When, by and by, the din of war gan pierce His ready sense; then straight his doubled spirit Re-quicken'd what in flesh was fatigate, And to the battle came he; where he did Run reeking o'er the lives of men, as if 'Twere a perpetual spoil: and till we call'd Both field and city ours, he never stood To ease his breast with panting.",3,AHC
"The bar can get quite noisy in the evenings, but it adds to the great atmosphere at Rocky's",2,AHC
I drove by yesterday to get a sneak peak.,2,AHC
MARCIUS: Come I too late?,3,AHC
"Your voices: for your voices I have fought; Watch'd for your voices; for Your voices bear Of wounds two dozen odd; battles thrice six I have seen and heard of; for your voices have Done many things, some less, some more your voices: Indeed I would be consul.",3,AHC
The entire office has an attitude like they are doing you a favor.,2,AHC
CORIOLANUS: I will not seal your knowledge with showing them.,3,AHC
Worn and thread bare.,2,AHC
CORIOLANUS: What must I say?,3,AHC
I will most likely not return.,2,AHC
First Soldier: He's the devil.,3,AHC
I also like the mixed grill.,2,AHC
"Plus, 1 of the new tires went flat within 3 weeks.",2,AHC
"VIRGILIA: Give me excuse, good madam; I will obey you in every thing hereafter.",3,AHC
Citizens: You so remain.,3,AHC
"MENENIUS: Ay, to devour him; as the hungry plebeians would the noble Marcius.",3,AHC
"Presently came Monna Valentina, followed by her ladies, her pages, and lastly, Peppe, wearing under his thin mask of piety an air of eager anxiety and unrest.",3,AHC
"First Citizen: Before we proceed any further, hear me speak.",3,AHC
She kept up and was very friendly.,2,AHC
"BRUTUS: Being moved, he will not spare to gird the gods.",3,AHC
I watched 2 employees walk by me (unlocked the door and re-locked it).,2,AHC
"MENENIUS: You have stood your limitation; and the tribunes Endue you with the people's voice: remains That, in the official marks invested, you Anon do meet the senate.",3,AHC
There are much better Italian restaurants in Pittsburgh.,2,AHC
Messenger: Where's Caius Marcius?,3,AHC
"At the end of the main drive (and in a direct line that connects through 3 statues and the Gold Dome), is a simple, modern stone statue of Mary.",4,AHC
CORIOLANUS: You should account me the more virtuous that I have not been common in my love.,3,AHC
\n\nThe bar was jumping thou never go to the bar.,2,AHC
"Tell Valeria, We are fit to bid her welcome.",3,AHC
SICINIUS: Nature teaches beasts to know their friends.,3,AHC
You are a pair of strange ones.,3,AHC
"Order the white pizza on our visit this weekend... it has garlic, spinach, feta cheese and we usually add some veggie on top.",2,AHC
Not too skimpy on the meat.,2,AHC
"Emmert dental only cares about the money, will over charge you and leave you less than happy with the dental work.",2,AHC
"'I Pray, sir'--Plague upon't!",3,AHC
The worst dental office I ever been.,2,AHC
He then turned to a waitress who had approached the service area of the bar and asked her if we could have a server take our drink order.,2,AHC
I was going to Dr. Johnson before he left and Goldberg took over when Johnson left.,2,AHC
"All the kitchen did was scrape their """"mistake"""" off of our fish!",2,AHC
"First Citizen: The former agents, if they did complain, What could the belly answer?",3,AHC
He doesn't judge and asks all the right questions.,2,AHC
\n\nWe also ordered steak and Italian hoagies.,2,AHC
"LARTIUS: So, let the ports be guarded: keep your duties, As I have set them down.",3,AHC
"AUFIDIUS: Nor did you think it folly To keep your great pretences veil'd till when They needs must show themselves; which in the hatching, It seem'd, appear'd to Rome.",3,AHC
I had such a low expectation I was pleasantly surprised.,2,AHC
"First Senator: So, your opinion is, Aufidius, That they of Rome are entered in our counsels And know how we proceed.",3,AHC
"In the short time that he was there, a man who was behind the bar looked at him and then turn away without saying a word or notifying anyone else.",2,AHC
"The Rankin-Bass animated film production company used Japanese puppets and stop motion to tell the tale, bolstered by a soundtrack featuring Burl Ives' rendition of the theme song.",2,AHC
"LARTIUS: On safe-guard he came to me; and did curse Against the Volsces, for they had so vilely Yielded the town: he is retired to Antium.",3,AHC
"MENENIUS: You know neither me, yourselves nor any thing.",3,AHC
"MENENIUS: I am known to be a humorous patrician, and one that loves a cup of hot wine with not a drop of allaying Tiber in't; said to be something imperfect in favouring the first complaint; hasty and tinder-like upon too trivial motion; one that converses more with the buttock of the night than with the forehead of the morning: what I think I utter, and spend my malice in my breath.",3,AHC
"\n\nIt's a fairly big range - if you are familiar with Scally's in Moon, it seems like it has almost as many tees, though its not nearly as nice a facility.",2,AHC
MARCIUS: COMINIUS: The shepherd knows not thunder from a tabour More than I know the sound of Marcius' tongue From every meaner man.,3,AHC
Man has this place gone down hill.,2,AHC
Quite good!!!,2,AHC
"A curse begin at very root on's heart, That is not glad to see thee!",3,AHC
It is sublime and makes you want to go to a special cozy corner just to eat it and revel in its velvety loveliness.,2,AHC
"Therefore, beseech you,-- You that will be less fearful than discreet, That love the fundamental part of state More than you doubt the change on't, that prefer A noble life before a long, and wish To jump a body with a dangerous physic That's sure of death without it, at once pluck out The multitudinous tongue; let them not lick The sweet which is their poison: your dishonour Mangles true judgment and bereaves the state Of that integrity which should become't, Not having the power to do the good it would, For the in which doth control't.",3,AHC
Awesome drink specials during happy hour.,2,AHC
"MENENIUS: O me, the gods!",3,AHC
I will be making my friend take me back until I can memorize where the heck it is.\n\nAddendum: 2nd visit for the fish sandwich.,2,AHC
"COMINIUS: Marcius, We have at disadvantage fought and did Retire to win our purpose.",3,AHC
CORIOLANUS: Tullus Aufidius then had made new head?,3,AHC
"So, now the gates are ope: now prove good seconds: 'Tis for the followers fortune widens them, Not for the fliers: mark me, and do the like.",3,AHC
MARCIUS: I'll buy him of you.,3,AHC
"First Soldier: Following the fliers at the very heels, With them he enters; who, upon the sudden, Clapp'd to their gates: he is himself alone, To answer all the city.",3,AHC
It's your typical low-end Chinese place.,2,AHC
"SICINIUS: Let them assemble, And on a safer judgment all revoke Your ignorant election; enforce his pride, And his old hate unto you; besides, forget not With what contempt he wore the humble weed, How in his suit he scorn'd you; but your loves, Thinking upon his services, took from you The apprehension of his present portance, Which most gibingly, ungravely, he did fashion After the inveterate hate he bears you.",3,AHC
VIRGILIA: Heavens bless my lord from fell Aufidius!,3,AHC
"CORIOLANUS: Now, as I live, I will.",3,AHC
"Didn't happen here.\n\nMy main point is, contractors have a reputation for not being the most trustworthy.",2,AHC
"Meaning, for example- I took in a pair of khakis all the way down to the cuff, but he seamed them up to look EXACTLY the way they were when I first bought them.",2,AHC
By far the worst most unprofessional dentist I have ever experienced her staff is too busy watching soap operas on all the TVs in each room instead of cleaning and she gave me a filling which was too deep which could have been understandable as her son had his pictures delivered from Hawaii and she had to stop 3 times to pay for them and show her whole staff all of them must be nice to have a 14 year old go to Hawaii on her moms dime and have her patience wait to see all of this happen I had to have oral surgery and have the tooth removed because she put the filling in too deep an abscessed tooth was the result I wouldn't recommend her to an ex girlfriend or someone I hate because of the three months of extreme tooth pain I had to deal with because of her lack of care and follow through even after I called and asked them for advice and follow up they simply could care less and did not even offer to reschedule an appointment other than prescribing me vicodin and antibiotics do not recommend and do not go to her license should be pulled!,2,AHC
They actually then gave us flack for not having enough to put it on a debit card.,2,AHC
"First Senator: Sit, Coriolanus; never shame to hear What you have nobly done.",3,AHC
"We ordered our dinner immediately, with a salad and a glass of wine.",2,AHC
"The other magazine, The Juggler, is released twice a year and focuses on student literature and artwork.",1,AHC
I then had to go back to the manager to give us our bill so we could get away from this ruined evening.,2,AHC
"'Stay, hold, peace!'",3,AHC
"it more becomes a man Than gilt his trophy: the breasts of Hecuba, When she did suckle Hector, look'd not lovelier Than Hector's forehead when it spit forth blood At Grecian sword, contemning.",3,AHC
"VOLUMNIA: O, he is wounded; I thank the gods for't.",3,AHC
I waited.,2,AHC
The Dome yearbook is published annually.,1,AHC
"My valour's poison'd With only suffering stain by him; for him Shall fly out of itself: nor sleep nor sanctuary, Being naked, sick, nor fane nor Capitol, The prayers of priests nor times of sacrifice, Embarquements all of fury, shall lift up Their rotten privilege and custom 'gainst My hate to Marcius: where I find him, were it At home, upon my brother's guard, even there, Against the hospitable canon, would I Wash my fierce hand in's heart.",3,AHC
I have called numerous times and I am always told that the manager and or billing department is not in.,2,AHC
CORIOLANUS: The gods begin to mock me.,3,AHC
I sat at a vacant stool behind the formica counter and ordered the mixed grill.,2,AHC
"If I do send, dispatch Those centuries to our aid: the rest will serve For a short holding: if we lose the field, We cannot keep the town.",3,AHC
Place was not busy waited over 20 minutes for drinks and to have our order taken.,2,AHC
"BRUTUS: Ay, spare us not.",3,AHC
MENENIUS: And so are like to do.,3,AHC
Weeks went by with no word from them on the process.,2,AHC
"Will you hence, Before the tag return?",2,AHC
know you on which side They have placed their men of trust?,3,AHC
The only reason why I came here as much as I did is because I like the $1 iced coffees.,2,AHC
"BRUTUS: He's a lamb indeed, that baes like a bear.",3,AHC
First Soldier: 'Twill be deliver'd back on good condition.,3,AHC
"Second Citizen: An 'twere to give again,--but 'tis no matter.",3,AHC
"Unassuming, looks like it is closed all the time, until you do a drive by and see the hours posted.",2,AHC
"VALERIA: Come, lay aside your stitchery; I must have you play the idle husewife with me this afternoon.",3,AHC
Fish sandwiches PILED with breaded fish that looked amazing.,2,AHC
"After watching two people who ordered after me be handed their food, I asked where mine was.",2,AHC
It was so noticeable that it made me wonder if the dough was bad or if they for some weird reason put fish sauce in it.,2,AHC
"Citizens: True, The people are the city.",3,AHC
"Yay, I'm a fan but sometimes service is a little slow, it was very good for us this visit.",2,AHC
"Neither paper is published as often as The Observer; however, all three are distributed to all students.",1,AHC
"My wife, for example, ordered the Irish stew and he came back 5 min later telling us they were out of that and even more things for several people in our party.",2,AHC
It is just a five minute drive to downtown.,2,AHC
"I mean come on, for a restaurant of this calibre and price is it too much to ask for a glass of water?",2,AHC
"Formally established in 1475, although it is much older, it is one of the oldest libraries in the world and contains one of the most significant collections of historical texts.",1,AHC
"I will, sir, flatter my sworn brother, the people, to earn a dearer estimation of them; 'tis a condition they account gentle: and since the wisdom of their choice is rather to have my hat than my heart, I will practise the insinuating nod and be off to them most counterfeitly; that is, sir, I will counterfeit the bewitchment of some popular man and give it bountiful to the desirers.",3,AHC
"What ever have been thought on in this state, That could be brought to bodily act ere Rome Had circumvention?",3,AHC
No one should have to go thru what I am currently going thru.,2,AHC
"Immediately in front of the Main Building and facing it, is a copper statue of Christ with arms upraised with the legend ""Venite Ad Me Omnes"".",4,AHC
"At first I thought we were lost, driving around a handful of very rather dismal looking blocks in what looked like a neighborhood that had been blighted by the building of a highway.",2,AHC
"At the end of the main drive (and in a direct line that connects through 3 statues and the Gold Dome), is a simple, modern stone statue of Mary.",4,AHC
Not too rich at all.,2,AHC
I would give the food 3/5.\n\nThe service was subpar for sure.,2,AHC
First Citizen: Care for us!,3,AHC
"You, Titus Lartius, Must to Corioli back: send us to Rome The best, with whom we may articulate, For their own good and ours.",3,AHC
The hot and extra hot are about the same flavor/heat.,2,AHC
"MENENIUS: Having determined of the Volsces and To send for Titus Lartius, it remains, As the main point of this our after-meeting, To gratify his noble service that Hath thus stood for his country: therefore, please you, Most reverend and grave elders, to desire The present consul, and last general In our well-found successes, to report A little of that worthy work perform'd By Caius Marcius Coriolanus, whom We met here both to thank and to remember With honours like himself.",3,AHC
And THAT is exactly what I love.\n\nOh...but good food counts too.,2,AHC
Tuesday comes and they have to wait for approval from Dormont on holes they're digging.,2,AHC
We received very good service and meal came within a few minutes.Waitress could have smiled more but was friendly.,2,AHC
"And yep, there it was.",2,AHC
"why, You grave but reckless senators, have you thus Given Hydra here to choose an officer, That with his peremptory 'shall,' being but The horn and noise o' the monster's, wants not spirit To say he'll turn your current in a ditch, And make your channel his?",3,AHC
But my recent experience there has changed my mind a bit.,2,AHC
"I like to stretch out before my class actually starts, so I went to the tail end of a yoga class.",2,AHC
MENENIUS: A letter for me!,3,AHC
"With every minute you do change a mind, And call him noble that was now your hate, Him vile that was your garland.",3,AHC
Jane had asked him.,3,AHC
"She was bright, friendly and very knowledgeable about the menu.",2,AHC
CORIOLANUS: Spoke he of me?,3,AHC
Messenger: Within this mile and half.,3,AHC
It also had a leaky roof in several places which had buckets collecting the water.,2,AHC
"Thou wast a soldier Even to Cato's wish, not fierce and terrible Only in strokes; but, with thy grim looks and The thunder-like percussion of thy sounds, Thou madst thine enemies shake, as if the world Were feverous and did tremble.",3,AHC
"The vending machines are sold out (of course) and they sell drinks inside, but close the drawers at 8 on the dot.",2,AHC
"Our guider, come; to the Roman camp conduct us.",3,AHC
"He wrote me two sentences that said """"there will be acres there tomorrow morning to finish and most will be done tomorrow."""" Well, that didn't happen.\n\nThen two other dudes show up two days later and did work for about three hours and left.",2,AHC
"Must these have voices, that can yield them now And straight disclaim their tongues?",3,AHC
Next to the Main Building is the Basilica of the Sacred Heart.,1,AHC
"In 1987, when some students believed that The Observer began to show a conservative bias, a liberal newspaper, Common Sense was published.",1,AHC
"\n\nThat being said, we left and went back to 131 East, where we had previously eaten.",2,AHC
"I tried the evening classes but they were very crowded and difficult, so I tried a morning class for seniors.",2,AHC
It re-opens on July 14th and I can't wait to take my kids.,2,AHC
It will remain a place I avoid unless someone in my party needs to avoid illness from low blood sugar.,2,AHC
Third Citizen: Are you all resolved to give your voices?,3,AHC
What good condition can a treaty find I' the part that is at mercy?,3,AHC
I find that very unlikely.,2,AHC
\n\nThe best part about this location was the staff.,2,AHC
The bill was prepared incorrectly.,2,AHC
"It is held That valour is the chiefest virtue, and Most dignifies the haver: if it be, The man I speak of cannot in the world Be singly counterpoised.",3,AHC
BRUTUS: 'Tis most like he will.,3,AHC
"CORIOLANUS: My gracious silence, hail!",3,AHC
"I say, if he would incline to the people, there was never a worthier man.",3,AHC
There were 7 of us altogether and we had eaten at another restaurant earlier in the evening.,2,AHC
Some of the worst pizza I've ever had.,2,AHC
Excellent.,2,AHC
It is april and there are no grass tees yet.,2,AHC
MENENIUS: What is about to be?,3,AHC
"My fiance had what they called a 'mixed grill."""" It consisted of eggs, peppers, onions and home made sausage.",2,AHC
"You souls of geese, That bear the shapes of men, how have you run From slaves that apes would beat!",3,AHC
tribunes for them!-- The mouse ne'er shunn'd the cat as they did budge From rascals worse than they.,3,AHC
"All: Slain, sir, doubtless.",3,AHC
"CORIOLANUS: Ay, but not mine own desire.",3,AHC
"As at most other universities, Notre Dame's students run a number of news media outlets.",1,AHC
Most placed will have bulges and puckers.,2,AHC
MENENIUS: I would they were in Tiber!,3,AHC
I received an $800.00 bill for the blood work.,2,AHC
MARCIUS: He that will give good words to thee will flatter Beneath abhorring.,3,AHC
The only thing they have going for them is that the food is hot and tastes just like McDonald's should.,2,AHC
"I complained to the manager, who said that I was welcome to stretch out in whatever class I wanted to, but the hostility of these yoga students was very evident.",2,AHC
"I will make much of your voices, and so trouble you no further.",3,AHC
"Service in this place is poor because of lack of acknowledgment since people working there are """"just"""" working .",2,AHC
"BRUTUS: It was his word: O, he would miss it rather Than carry it but by the suit of the gentry to him, And the desire of the nobles.",3,AHC
"Oh, and any Big Burrito/Sousa foodies might as well stop reading now.",2,AHC
He is only interested in the co-pay and having you come in for medication refills every month.,2,AHC
"MENENIUS: I will tell you If you'll bestow a small--of what you have little-- Patience awhile, you'll hear the belly's answer.",3,AHC
You must not speak of that: you must desire them To think upon you.,3,AHC
Second Soldier: Nor I.,3,AHC
"VOLUMNIA: Titus Lartius writes, they fought together, but Aufidius got off.",3,AHC
\n\nAdvice host that we are in a hurry.,2,AHC
"MENENIUS: Pray now, sit down.",3,AHC
"We'll break our walls, Rather than they shall pound us up: our gates, Which yet seem shut, we, have but pinn'd with rushes; They'll open of themselves.",3,AHC
"First Officer: That's a brave fellow; but he's vengeance proud, and loves not the common people.",3,AHC
"I had to pay $259.00 for this """"bone graft"""".",2,AHC
"MENENIUS: I know you can do very little alone; for your helps are many, or else your actions would grow wondrous single: your abilities are too infant-like for doing much alone.",3,AHC
"My friend ordered one of her faves, the breaded pork chops.\n\nWe hit the salad bar, which was uber-basic.",2,AHC
"In 1987, when some students believed that The Observer began to show a conservative bias, a liberal newspaper, Common Sense was published.",1,AHC
You blame Marcius for being proud?,3,AHC
"MARCIUS: Within these three hours, Tullus, Alone I fought in your Corioli walls, And made what work I pleased: 'tis not my blood Wherein thou seest me mask'd; for thy revenge Wrench up thy power to the highest.",3,AHC
"Fourth Citizen: You have deserved nobly of your country, and you have not deserved nobly.",3,AHC
We went on a weeknight.,2,AHC
"My favorite things to eat in life are potato products.\n-My favorite item: hot sausage sandwich on thick Italian toast, with cheese, lettuce, tomato and mayo",2,AHC
Took off a star for lumpy booths and really tight tables (your arm gets hit when someone walks past) oh and waitresses aren't very attentive.,2,AHC
Great balance of cheeses.,2,AHC
"Profits from the auction at the Hard Rock Cafe in New York's Times Square crushed pre-sale expectations of only $120,000 in sales.",2,AHC
"Ingratitude is monstrous, and for the multitude to be ingrateful, were to make a monster of the multitude: of the which we being members, should bring ourselves to be monstrous members.",3,AHC
"The newspapers have varying publication interests, with The Observer published daily and mainly reporting university and other news, and staffed by students from both Notre Dame and Saint Mary's College.",1,AHC
"I expect bad days, bad moods, and the occasional mistake.",2,AHC
"He will require them, As if he did contemn what he requested Should be in them to give.",2,AHC
"I spoke with someone who told me that Dormont usually takes a week to process the permit, but we were now going on a month.",2,AHC
"At that point, he asked to see the manager who came a few minutes later.",2,AHC
"Plain, with a dark wood bar on one side, plain white walls with no yinzer pics, good sturdy chairs and actual white linens on the tables.",2,AHC
Papa J's is expensive and inconsistent.,2,AHC
"O my sweet lady, pardon.",3,AHC
BRUTUS: The present wars devour him: he is grown Too proud to be so valiant.,3,AHC
"BRUTUS: Fame, at the which he aims, In whom already he's well graced, can not Better be held nor more attain'd than by A place below the first: for what miscarries Shall be the general's fault, though he perform To the utmost of a man, and giddy censure Will then cry out of Marcius 'O if he Had borne the business!'",3,AHC
\n\nAfter the second trip back I heard the cook holler 'Tell him I'll fix him up'.,2,AHC
mark you His absolute 'shall'?,3,AHC
"First Officer: If he did not care whether he had their love or no, he waved indifferently 'twixt doing them neither good nor harm: but he seeks their hate with greater devotion than can render it him; and leaves nothing undone that may fully discover him their opposite.",3,AHC
"Apparently they were now waiting for the permit from Dormont.\n\nA month later, I was frustrated and asked to speak with someone at the company.",2,AHC
SICINIUS: I wish no better Than have him hold that purpose and to put it In execution.,3,AHC
Yes.\n\nI ordered the mushroom ravioli and it was... oily.,2,AHC
MENENIUS: Now it's twenty-seven: every gash was an enemy's grave.,3,AHC
"MENENIUS: Why, then you should discover a brace of unmeriting, proud, violent, testy magistrates, alias fools, as any in Rome.",3,AHC
"How now, my as fair as noble ladies,--and the moon, were she earthly, no nobler,--whither do you follow your eyes so fast?",3,AHC
"Second Officer: Faith, there had been many great men that have flattered the people, who ne'er loved them; and there be many that they have loved, they know not wherefore: so that, if they love they know not why, they hate upon no better a ground: therefore, for Coriolanus neither to care whether they love or hate him manifests the true knowledge he has in their disposition; and out of his noble carelessness lets them plainly see't.",3,AHC
I will never order from them again!,2,AHC
"Come, you shall go with us.",3,AHC
Third Citizen: But this is something odd.,3,AHC
Cable tv quality is spotty sometimes but not intolerable.,2,AHC
"LARTIUS: How often he had met you, sword to sword; That of all things upon the earth he hated Your person most, that he would pawn his fortunes To hopeless restitution, so he might Be call'd your vanquisher.",3,AHC
Owning a driving range inside the city limits is like a license to print money.,2,AHC
I waited over five minutes for a gigantic order that included precisely one kid's meal.,2,AHC
"VALERIA: O' my word, the father's son: I'll swear,'tis a very pretty boy.",3,AHC
"CORIOLANUS: Hence, rotten thing!",3,AHC
I wish you much mirth.,3,AHC
"What do you think, You, the great toe of this assembly?",2,AHC
"Here he comes, and in the gown of humility: mark his behavior.",3,AHC
"Not something you would eat everyday, but he loved it!",2,AHC
"Unlike Scholastic and The Dome, The Observer is an independent publication and does not have a faculty advisor or any editorial oversight from the University.",1,AHC
"They close pretty early on the weekends too (oddly, at 12:45pm)\n-Cash only\n-Huge portions: When ordering fries or homefries, always get the half order, unless you're a lumberjack\n-About those homefries: They're often undercooked.",2,AHC
Wonderful reuben.,2,AHC
"Neither paper is published as often as The Observer; however, all three are distributed to all students.",1,AHC
"MENENIUS: Hear me one word; Beseech you, tribunes, hear me but a word.",3,AHC
"Budapest became one city in 1872, and it has been the capital city of Hungary for about eighty years.",2,AHC
"If she could rule this gun-man, as Venters had called him, if she could even keep him from shedding blood, what strategy to play his flame and his presence against the game of oppression her churchmen were waging against her?",3,AHC
"The Pre-Lateran period, comprising the initial days of the library, dated from the earliest days of the Church.",1,AHC
Photocopies for private study of pages from books published between 1801 and 1990 can be requested in person or by mail.,1,AHC
"COMINIUS: Flower of warriors, How is it with Titus Lartius?",3,AHC
"There's nothing better than drinking from a cup that could have come from your grandma's kitchen.\n\nI know that Gab N Eat is nearby, and Barb's can be a little weird get to with the strange traffic pattern but this really is a gem of Carnegie that you've gotta try!",2,AHC
"VOLUMNIA: I' the shoulder and i' the left arm there will be large cicatrices to show the people, when he shall stand for his place.",3,AHC
"Alack, You are transported by calamity Thither where more attends you, and you slander The helms o' the state, who care for you like fathers, When you curse them as enemies.",3,AHC
Second Citizen: Worthy Menenius Agrippa; one that hath always loved the people.,3,AHC
"THE DAUGHTER OF WITHERSTEEN ""Lassiter, will you be my rider?""",3,AHC
"it gives me an estate of seven years' health; in which time I will make a lip at the physician: the most sovereign prescription in Galen is but empiricutic, and, to this preservative, of no better report than a horse-drench.",3,AHC
"It is famous for its modern highways, its movie stars, and its smog.",2,AHC
"It makes the consuls base: and my soul aches To know, when two authorities are up, Neither supreme, how soon confusion May enter 'twixt the gap of both and take The one by the other.",3,AHC
"Immediately in front of the Main Building and facing it, is a copper statue of Christ with arms upraised with the legend ""Venite Ad Me Omnes"".",4,AHC
our drums Are bringing forth our youth.,3,AHC
BRUTUS: Not to them all.,3,AHC
"CORIOLANUS: Menenius ever, ever.",3,AHC
"It is a replica of the grotto at Lourdes, France where the Virgin Mary reputedly appeared to Saint Bernadette Soubirous in 1858.",2,AHC
"The newspapers have varying publication interests, with The Observer published daily and mainly reporting university and other news, and staffed by students from both Notre Dame and Saint Mary's College.",1,AHC
Definitely a greasy spoon!,2,AHC
VOLUMNIA: One on 's father's moods.,3,AHC
"Neither paper is published as often as The Observer; however, all three are distributed to all students.",1,AHC
The salad was just a huge plate of spring mix (nothing else in it) with WAY to much vinegar dressing.,2,AHC
"And when we asked about it, the waitress said 'Yeah, it's huge and really good, and he only charges $12.99 for it, ain't that nuts?'",2,AHC
Can't wait to come back.,2,AHC
"The place was crowded, we were seated at the last open table.",2,AHC
"If you are feeling like lunch food go a little later, their burgers are made on the breakfast griddle and are delicious.",2,AHC
My husband and I went a couple of weeks ago.,2,AHC
"SICINIUS: You may, sir.",3,AHC
Budapest is also known for its exciting nightlife.,2,AHC
I'd recommend a call for directions 412-271-9911.,2,AHC
"Ay, my dear, Such eyes the widows in Corioli wear, And mothers that lack sons.",3,AHC
Give me a break!,2,AHC
Second Citizen: Think you so?,3,AHC
"All and all, a very crude and unpleasant dining experience for me and my guests.",2,AHC
The office admin (very nice) asked for me to come early (before 9am) to complete paperwork.,2,AHC
"Speaking of the plague, I suppose we should thank Mr. Surly for inspiring us to walk out.",3,AHC
"COMINIUS: Aged sir, hands off.",3,AHC
\nI had a Grand Slam... it was more than enough food.,2,AHC
"At the end of the main drive (and in a direct line that connects through 3 statues and the Gold Dome), is a simple, modern stone statue of Mary.",4,AHC
CORIOLANUS: Is this done?,3,AHC
Preordered my tires and when I arrived they couldn't find the order anywhere.,2,AHC
"TITUS: No, Caius Marcius; I'll lean upon one crutch and fight with t'other, Ere stay behind this business.",3,AHC
"When yet he was but tender-bodied and the only son of my womb, when youth with comeliness plucked all gaze his way, when for a day of kings' entreaties a mother should not sell him an hour from her beholding, I, considering how honour would become such a person.",3,AHC
"It is because of him, not my now former gyn Dr. Markoff, that I found out I have fibroids.",2,AHC
"Thou art left, Marcius: A carbuncle entire, as big as thou art, Were not so rich a jewel.",3,AHC
We stopped at Papa J's last Friday night (8/1) for a round of drinks.,2,AHC
Each time the receptionists give of a vibe of entitlement and it is very uncomfortable.,2,AHC
"First Senator: Tribunes, give way; he shall to the market-place.",3,AHC
And Irish music.,2,AHC
It took forever to order and then forever for our food to come and the place was empty.,2,AHC
"First Citizen: First, you know Caius Marcius is chief enemy to the people.",3,AHC
The information below will be helpful to you.,2,AHC
"The fried noodles were out of a box and nasty, the shrimp was mushy, the fried rice was bright yellow.\n\nWe asked for water, they brought us 1 in a SOLO cup for 2 people.",2,AHC
"Why in this woolvish toge should I stand here, To beg of Hob and Dick, that do appear, Their needless vouches?",3,AHC
"Let's fetch him off, or make remain alike.",3,AHC
Water is only $1 a bottle!,2,AHC
I used to order takeout here once every month or so.,2,AHC
He learned from his father at the age of 14 how to sew.,2,AHC
"Perfect time with hubby, after work which is 4 am and you can still have a hot nice meal, waitress was such an adorable girl.",2,AHC
"The server never did anything to try to make our experience better - he knew we weren't happy, but never offered anything such as dessert on the house.",2,AHC
BRUTUS: And topping all others in boasting.,3,AHC
BRUTUS: Most willingly; But yet my caution was more pertinent Than the rebuke you give it.,3,AHC
MENENIUS: Has he disciplined Aufidius soundly?,3,AHC
I've tried to give this McDonalds a chance but my patience has run out.,2,AHC
Greeted by a dour manager that seemed mad that we had a reservation.,2,AHC
"There were absent only from the gathering Gonzaga and Fortemani, besides a sentry and the three prisoners.",3,AHC
Most food for your dollar.,2,AHC
I think I was one of his 1st patients when he started at MHMG.,2,AHC
"First Citizen: Our business is not unknown to the senate; they have had inkling this fortnight what we intend to do, which now we'll show 'em in deeds.",3,AHC
The ambiance is nice but it doesn't justify the prices.,2,AHC
Yum!\n\nJust as we were finishing our salads our dinners were delivered.,2,AHC
"VOLUMNIA: Indeed, you shall not.",3,AHC
"LARTIUS: O general, Here is the steed, we the caparison: Hadst thou beheld-- MARCIUS: Pray now, no more: my mother, Who has a charter to extol her blood, When she does praise me grieves me.",3,AHC
I was pleasantly surprised by this restaurant.,2,AHC
My recommendation is a breakfast sandwich on a bagel and a coffee.,2,AHC
And then...AHA!,2,AHC
'\n\nThis is about as old world bar/lounge/restaurant as it gets.,2,AHC
I ordered a salad & basil pesto cream pasta & my husband ordered the spinach & feta pasta.,2,AHC
LARTIUS: What is become of Marcius?,3,AHC
"His pupil age Man-enter'd thus, he waxed like a sea, And in the brunt of seventeen battles since He lurch'd all swords of the garland.",3,AHC
"The other magazine, The Juggler, is released twice a year and focuses on student literature and artwork.",1,AHC
"BRUTUS: The aediles, ho!",3,AHC
"Second Citizen: Nay, but speak not maliciously.",3,AHC
There is a Latino man in his 20's working when you arrive.,2,AHC
"The newspapers have varying publication interests, with The Observer published daily and mainly reporting university and other news, and staffed by students from both Notre Dame and Saint Mary's College.",1,AHC
A customer even tripped over the buckets and fell.,2,AHC
Los Angeles Los Angeles was founded in 1781.,2,AHC
"Now, to seem to affect the malice and displeasure of the people is as bad as that which he dislikes, to flatter them for their love.",3,AHC
"Begun as a one-page journal in September 1876, the Scholastic magazine is issued twice monthly and claims to be the oldest continuous collegiate publication in the United States.",1,AHC
Third Citizen: Certainly He flouted us downright.,3,AHC
"The fish was flavorful, the batter excellent, and for just $8.",2,AHC
We placed our order.,2,AHC
"He's to make his requests by particulars; wherein every one of us has a single honour, in giving him our own voices with our own tongues: therefore follow me, and I direct you how you shall go by him.",3,AHC
"First Citizen: Let us kill him, and we'll have corn at our own price.",3,AHC
"CORIOLANUS: Hence, old goat!",3,AHC
"And YET to find a true good Reuben in da burgh, I tried it.\n\nWell, they were out of the proper bread, and the guy had to run to the store to buy the closest thing he could find, which was not the proper bread, and instead of one of their 'raved about' Reubens, I received two mini-Reubens, which basically took the guts from one Reuben, and spread it out onto two sandwiches on regular sized bread.",2,AHC
"VOLUMNIA: He had rather see the swords, and hear a drum, than look upon his school-master.",3,AHC
"This is a hidden gem, no really.",2,AHC
"MENENIUS: I tell you, friends, most charitable care Have the patricians of you.",3,AHC
Do they think that this is their private gym?,2,AHC
"Both: Why, how are we censured?",1,AHC
"Had to ask for coffee refills, had to ask for silverware, for napkins...etc.",2,AHC
"Used to go there for tires, brakes, etc.",2,AHC
"The wedding soup and bread were good, but that's it!",2,AHC
"My nobler friends, I crave their pardons: For the mutable, rank-scented many, let them Regard me as I do not flatter, and Therein behold themselves: I say again, In soothing them, we nourish 'gainst our senate The cockle of rebellion, insolence, sedition, Which we ourselves have plough'd for, sow'd, and scatter'd, By mingling them with us, the honour'd number, Who lack not virtue, no, nor power, but that Which they have given to beggars.",3,AHC
BRUTUS: Come: Half all Cominius' honours are to Marcius.,3,AHC
My parents love their burgers.,2,AHC
"Everything is made to order, with fair portions, and great prices.",2,AHC
"VALERIA: In truth, la, go with me; and I'll tell you excellent news of your husband.",3,AHC
COMINIUS: The people are abused; set on.,3,AHC
"We do here pronounce, Upon the part o' the people, in whose power We were elected theirs, Marcius is worthy Of present death.",3,AHC
"Valentina was very pale, and round her eyes there were dark circles that told of sleeplessness, and as she bowed her head in prayer, her ladies observed that tears were falling on the illuminated Mass-book over which she bent.",3,AHC
Messenger: You are sent for to the Capitol.,3,AHC
First Citizen: Ye're long about it.,3,AHC
"COMINIUS: Come, sir, along with us.",3,AHC
"Come, good sweet lady.",3,AHC
"One of her safe racers was a dark bay, and she called him Bells because of the way he struck his iron shoes on the stones.",3,AHC
Will never go back or refer anyone else,2,AHC
"We are not to stay all together, but to come by him where he stands, by ones, by twos, and by threes.",3,AHC
Fan-freakin-tastic!,2,AHC
"Immediately in front of the Main Building and facing it, is a copper statue of Christ with arms upraised with the legend ""Venite Ad Me Omnes"".",4,AHC
BRUTUS: We pray the gods he may deserve your loves.,3,AHC
"All: Content, content.",3,AHC
A giant mound of food guaranteed to sooth any hangover.,2,AHC
More or less an appetizer filler before the meal.\n\nThe mind-blower in this trip was the ordering of the fried chicken dinner.,2,AHC
They are butchers and should not even call themselves dentist.,2,AHC
When I arrived I wasn't sure if this was a driving range or an excavation site for a mastodon or a strip mining operation.,2,AHC
MENENIUS: Sham it be put to that?,3,AHC
"So, he took the meals back to the kitchen.",2,AHC
"As at most other universities, Notre Dame's students run a number of news media outlets.",1,AHC
"2 bicycles, a scooter, and an electronic keyboard graced the dining room.",2,AHC
"BRUTUS: Come, sir, come, we know you well enough.",3,AHC
"If I could give this place less than one star, I would.",2,AHC
They are crooks and butchers.,3,AHC
"Five times, Marcius, I have fought with thee: so often hast thou beat me, And wouldst do so, I think, should we encounter As often as we eat.",3,AHC
"If she could not wholly control Lassiter, then what she could do might put off the fatal day.",3,AHC
We ordered Reuben's and wanted coleslaw instead of kraut.,2,AHC
The weather is usually dry and warm.,2,AHC
Hear you this Triton of the minnows?,3,AHC
There are weeds grown all over the place.,2,AHC
LARTIUS: Their noise be our instruction.,3,AHC
"Finally, in Spring 2008 an undergraduate journal for political science research, Beyond Politics, made its debut.",1,AHC
The food tastes average and the price is good.,2,AHC
When I complained the manager was very rude and tried to blame us for taking to long to order.,2,AHC
They actually ground up the beans in front of us.,2,AHC
"MENENIUS: So do I too, if it be not too much: brings a' victory in his pocket?",3,AHC
Second Citizen: Consider you what services he has done for his country?,3,AHC
He received in the repulse of Tarquin seven hurts i' the body.,3,AHC
"Yet you must be saying, Marcius is proud; who in a cheap estimation, is worth predecessors since Deucalion, though peradventure some of the best of 'em were hereditary hangmen.",3,AHC
"\n\nThen again, the franchise is owned by Rice, and I've come to take terrible service is their MO.",2,AHC
"Messenger: The news is, sir, the Volsces are in arms.",3,AHC
"I got them in my country's service, when Some certain of your brethren roar'd and ran From the noise of our own drums.'",3,AHC
"Whatever the case, they have cold Guinness.",2,AHC
Same lousy service.,2,AHC
BRUTUS: Has said enough.,3,AHC
"VOLUMNIA: On's brows: Menenius, he comes the third time home with the oaken garland.",3,AHC
I have been to this restaurant twice and was disappointed both times.,2,AHC
MENENIUS: I'll keep you company.,3,AHC
"And, bagpipe please, Riley's Pour House opens March 1 of 2012.",2,AHC
"( dressing on the side of a salad, less feta on an entree and no oil on another entree) The waitress blamed it on the cook, but did offer to get one entree changed.",2,AHC
"Come; I would your cambric were sensible as your finger, that you might leave pricking it for pity.",3,AHC
Treats you like a local.Eaten here 3 times a week for a month.,2,AHC
"The delivery driver mistakenly rang my doorbell, having confused 133 and 113.\n\nRather than taking a step back and analyzing the situation, he begins to accuse my wife and I of ordering and refusing to pay for this pizza.\n\nThe driver then gets on his cell phone and rather than calling the number than was given when the order was placed, begins to call his bosses and starts threatening me with felony charges.",2,AHC
It is right across the street from the Rankin Police Station.,2,AHC
"'They have press'd a power, but it is not known Whether for east or west: the dearth is great; The people mutinous; and it is rumour'd, Cominius, Marcius your old enemy, Who is of Rome worse hated than of you, And Titus Lartius, a most valiant Roman, These three lead on this preparation Whither 'tis bent: most likely 'tis for you: Consider of it.'",3,AHC
"Second Citizen: You shall ha' it, worthy sir.",3,AHC
Please you To hear Cominius speak?,3,AHC
Eat at your own risk.,2,AHC
"I am weary; yea, my memory is tired.",3,AHC
"When you speak best unto the purpose, it is not worth the wagging of your beards; and your beards deserve not so honourable a grave as to stuff a botcher's cushion, or to be entombed in an ass's pack- saddle.",3,AHC
Second Citizen: Your own desert!,3,AHC
Stay away from this doc and the practice.,2,AHC
I have no idea who gave this place high reviews but they must either own the place or be time travelers from back in the day when this place might not have sucked.,2,AHC
"Consider where this place is ,the prices are really really high .",2,AHC
"MENENIUS: Pray you, who does the wolf love?",3,AHC
"Tried the Roman Style calamari, very good better than the fried calamari we had last time.",2,AHC
\n\nThe workers do seem like nice people just trying to make a living but when it comes to cleanliness Don Don is lacking.,2,AHC
"When we granted that, Here was 'I thank you for your voices: thank you: Your most sweet voices: now you have left your voices, I have no further with you.'",3,AHC
MARCIUS: They are dissolved: hang 'em!,3,AHC
"BRUTUS: All tongues speak of him, and the bleared sights Are spectacled to see him: your prattling nurse Into a rapture lets her baby cry While she chats him: the kitchen malkin pins Her richest lockram 'bout her reechy neck, Clambering the walls to eye him: stalls, bulks, windows, Are smother'd up, leads fill'd, and ridges horsed With variable complexions, all agreeing In earnestness to see him: seld-shown flamens Do press among the popular throngs and puff To win a vulgar station: or veil'd dames Commit the war of white and damask in Their nicely-gawded cheeks to the wanton spoil Of Phoebus' burning kisses: such a pother As if that whatsoever god who leads him Were slily crept into his human powers And gave him graceful posture.",3,AHC
Excellent place to stay while visiting Pittsburgh.,2,AHC
"You have office workers, you have patients with medical needs, why isn't anyone answering the phone?",2,AHC
"Another table of five came in, and wham.",2,AHC
"The """"dentist"""" wanted to extract it that day, but I had plans for the weekend and was not about to be in pain.",2,AHC
You get two free personal training sessions when you join.,2,AHC
I had the carrot cake yummy!!,2,AHC
"Winners of items less than $50,000 paid a 20 percent premium.",2,AHC
MENENIUS: Do not stand upon't.,3,AHC
This is when tables around us sat empty.,2,AHC
The tee boxes look state of the art and the club house looks like something you'll see on a newer course.,2,AHC
Second Roman: And I this.,3,AHC
All I can say is the worst!,2,AHC
"SICINIUS: Why either were you ignorant to see't, Or, seeing it, of such childish friendliness To yield your voices?",3,AHC
"Wing Night is Monday & Wednesday night, $0.75 whole wings!\n\nThe dining area is nice.",2,AHC
hehe,2,AHC
"MARCIUS: Let him alone; He did inform the truth: but for our gentlemen, The common file--a plague!",3,AHC
"I don't think I'd have this place on my list of """"musts"""" for downtown.",2,AHC
Same overtime.,2,AHC
"Wouldst thou have laugh'd had I come coffin'd home, That weep'st to see me triumph?",3,AHC
The pair were thought to be the last of the surviving production puppets.,2,AHC
"Unfortunately, the frustration of being Dr. Goldberg's patient is a repeat of the experience I've had with so many other doctors in NYC -- good doctor, terrible staff.",2,AHC
"All hurt behind; backs red, and faces pale With flight and agued fear!",3,AHC
First Roman: This will I carry to Rome.,3,AHC
Finally lets you have the pit to hit into.,2,AHC
That was HUGE!,2,AHC
Marcius is coming home: he has more cause to be proud.,3,AHC
Is the senate possessed of this?,3,AHC
"The sentinel was that same clerkly youth Aventano, who had read to the soldiers that letter Gian Maria had sent Gonzaga.",3,AHC
First Senator: He cannot but with measure fit the honours Which we devise him.,3,AHC
BRUTUS: You see how he intends to use the people.,3,AHC
I was given an antibiotic and instructed to schedule an appointment for the following Saturday so they could start the bridge.,2,AHC
Crust was excellent too.,2,AHC
"Our waitress was not knowledgable of all menu items, and three of our very simple requests did not come out as ordered.",2,AHC
"CORIOLANUS: So then the Volsces stand but as at first, Ready, when time shall prompt them, to make road.",3,AHC
"Would the nobility lay aside their ruth, And let me use my sword, I'll make a quarry With thousands of these quarter'd slaves, as high As I could pick my lance.",3,AHC
"COMINIUS: Nay, come away.",3,AHC
I had french toast and bacon.,2,AHC
VIRGILIA: I am glad to see your ladyship.,3,AHC
"CORIOLANUS: A match, sir.",3,AHC
We went there on a Saturday night with a mind to try the Irish food.,2,AHC
"When you are hearing a matter between party and party, if you chance to be pinched with the colic, you make faces like mummers; set up the bloody flag against all patience; and, in roaring for a chamber-pot, dismiss the controversy bleeding the more entangled by your hearing: all the peace you make in their cause is, calling both the parties knaves.",3,AHC
Def a place everyone should try.,2,AHC
Here it is!,2,AHC
Terrible.,2,AHC
You should avoid it at any time.,2,AHC
"VALERIA: You would be another Penelope: yet, they say, all the yarn she spun in Ulysses' absence did but fill Ithaca full of moths.",3,AHC
"He asks you to go change into a closet (Yes, a closet to change in with one lightbulb) BUT all my worries aside, the moment he started working on my items I knew he was the real deal.",2,AHC
Order fried calamari and it was OK...note to self next time try the calamari roman style.\n\nLike the dinning room with the hardwood floors and bright lighting.,2,AHC
"Outrageous !\nThere is so much possibility for ambiance in this restaurant , but they miss the mark on service and atmosphere.",2,AHC
"Finally, after a good 15 minutes of this torture, he ripped the tooth out of the side of my jaw.",2,AHC
"MARCIUS: Let the first budger die the other's slave, And the gods doom him after!",3,AHC
"CORIOLANUS: Why, this was known before.",3,AHC
CORIOLANUS: Your horror's pardon: I had rather have my wounds to heal again Than hear say how I got them.,3,AHC
"CORIOLANUS: Thou wretch, despite o'erwhelm thee!",3,AHC
We ordered an app and it came out with the meals and that was another 20 minutes or so.,2,AHC
My husband & I ate here a couple weeks ago for the first time.,2,AHC
"Lieutenant: Fear not our care, sir.",3,AHC
"If not, why cease you till you are so?",3,AHC
MARCIUS: I am glad on 't: then we shall ha' means to vent Our musty superfluity.,3,AHC
"AUFIDIUS: O, doubt not that; I speak from certainties.",3,AHC
The coffee at this place was brewed to perfection which a appreciate.,2,AHC
"If you are learn'd, Be not as common fools; if you are not, Let them have cushions by you.",3,AHC
"VALERIA: In earnest, it's true; I heard a senator speak it.",3,AHC
"BRUTUS: Then our office may, During his power, go sleep.",3,AHC
"In all fairness - I did not see this dentist but did schedule an appointment and waited 15 minutes for them to open.\n\nWhen I look at Yelp reviews, I usually weed out the outliers (the best and the worst).",2,AHC
"You should have said That as his worthy deeds did claim no less Than what he stood for, so his gracious nature Would think upon you for your voices and Translate his malice towards you into love, Standing your friendly lord.",3,AHC
"COMINIUS: Look, sir, your mother!",3,AHC
"The """"dentist"""" started the extraction.",2,AHC
A wager they have met.,2,AHC
"VIRGILIA: O, good madam, there can be none yet.",3,AHC
We will not be back .,2,AHC
The FOOD!,2,AHC
Those were some big thick burgers.,2,AHC
"I, that now Refused most princely gifts, am bound to beg Of my lord general.",3,AHC
Great job Jason!,2,AHC
"The menu has a wide selection, I really couldn't decide what I wanted but I went with the ribeye sandwich.",2,AHC
"For an end, We must suggest the people in what hatred He still hath held them; that to's power he would Have made them mules, silenced their pleaders and Dispropertied their freedoms, holding them, In human action and capacity, Of no more soul nor fitness for the world Than camels in the war, who have their provand Only for bearing burdens, and sore blows For sinking under them.",3,AHC
BRUTUS: What's the matter?,3,AHC
COMINIUS: Go we to our tent: The blood upon your visage dries; 'tis time It should be look'd to: come.,3,AHC
"The nine student-run outlets include three newspapers, both a radio and television station, and several magazines and journals.",1,AHC
"Third Citizen: Nay, your wit will not so soon out as another man's will;'tis strongly wedged up in a block-head, but if it were at liberty, 'twould, sure, southward.",3,AHC
"MENENIUS: Why, masters, my good friends, mine honest neighbours, Will you undo yourselves?",3,AHC
"MENENIUS: You worthy tribunes,-- SICINIUS: He shall be thrown down the Tarpeian rock With rigorous hands: he hath resisted law, And therefore law shall scorn him further trial Than the severity of the public power Which he so sets at nought.",3,AHC
make you a sword of me?,3,AHC
"Finally, in Spring 2008 an undergraduate journal for political science research, Beyond Politics, made its debut.",1,AHC
"Both times, we never heard from them.",2,AHC
"Citizens: Down with him, down with him!",3,AHC
BRUTUS: We stay here for the people.,3,AHC
That is where the good part ends.\n\nWhy two stars if we have a nice deck now?,2,AHC
My drink sat empty throughout my meal and never got refilled even when I asked.,2,AHC
BRUTUS: It will be dangerous to go on: no further.,3,AHC
I just got the tire and never needed to have it patched?,2,AHC
"MARCIUS: Five tribunes to defend their vulgar wisdoms, Of their own choice: one's Junius Brutus, Sicinius Velutus, and I know not--'Sdeath!",3,AHC
"The nine student-run outlets include three newspapers, both a radio and television station, and several magazines and journals.",1,AHC
I explained to her that there were too many indications where this was not going to be a good fit and wished her the best of luck.\n\nI recommend if you see this dentist you go to the front door (furthest away from the parking lot) for the entrance.\n\nPoor recommendation because the staff who walked by me seemed to be distracted which was pointed out in a previous review.,2,AHC
"Whatever the price to be paid, she must keep Lassiter close to her; she must shield from him the man who had led Milly Erne to Cottonwoods.",3,AHC
"BRUTUS: He's poor in no one fault, but stored with all.",3,AHC
First Senator: The gods forbid!,3,AHC
"Fourth Citizen: You have been a scourge to her enemies, you have been a rod to her friends; you have not indeed loved the common people.",3,AHC
"A fish tank with filthy, slimy fingerprints smeared all over it is there for your enjoyment.\n\nOur food came... no water to drink, no tea, medium temperature food.",2,AHC
CORIOLANUS: Tell me of corn!,3,AHC
I'm serious...,2,AHC
COMINIUS: It is your former promise.,3,AHC
\n\nThe room was clean and well maintained.,2,AHC
The sandwich has enough fish to make four sandwiches.,2,AHC
"BRUTUS: You speak o' the people, As if you were a god to punish, not A man of their infirmity.",3,AHC
"When we came, half of the menu board was still on breakfast, and it was 4:30p.",2,AHC
So looking under one more bush certainly wouldn't hurt.\n\nSo off we go right at lunchtime in the middle of...where exactly were we?,2,AHC
"After they gave me novocaine they get me with """"you need a bone graft also in that area since we are extracting that tooth"""".",2,AHC
The best time to visit is summer since Budapest is very cold in winter.,2,AHC
"The population of Budapest is about three million, and the city is a very popular place for tourists.",2,AHC
MENENIUS: I will make my very house reel tonight: a letter for me!,3,AHC
"Finally, in Spring 2008 an undergraduate journal for political science research, Beyond Politics, made its debut.",1,AHC
Simply put I LOVE it here.,2,AHC
"For your wants, Your suffering in this dearth, you may as well Strike at the heaven with your staves as lift them Against the Roman state, whose course will on The way it takes, cracking ten thousand curbs Of more strong link asunder than can ever Appear in your impediment.",3,AHC
It is actually a different Hawkins.,2,AHC
CORIOLANUS: Mine own desert.,3,AHC
"BRUTUS: Let's to the Capitol; And carry with us ears and eyes for the time, But hearts for the event.",3,AHC
"MARCIUS: O, they are at it!",3,AHC
"I've been informed by a fellow Yelper that they are just closed for the season, I hope they're right!",2,AHC
They understand the concept of customer service.,2,AHC
"First Citizen: Well, I'll hear it, sir: yet you must not think to fob off our disgrace with a tale: but, an 't please you, deliver.",3,AHC
"Save yourself a lot of time, money and pain.",2,AHC
The guy never really even apologized for the mistake.,2,AHC
We will never go back.,2,AHC
"Three soups (mostly vegetable loaded, which left me out), basic iceberg lettuce mix (very probably out of a bag), a few veggie toppings, and three or four dressings.",2,AHC
"First Senator: Your company to the Capitol; where, I know, Our greatest friends attend us.",3,AHC
"MENENIUS: Sir, sir,-- SICINIUS: Peace!",3,AHC
AUFIDIUS: The town is ta'en!,3,AHC
"BRUTUS: We do it not alone, sir.",3,AHC
"Our group of 7 had called a week ahead and were seated in the back of the far dining room, right by a door where clinking pots /pans and dishes were heard throughout our meal, as well as a Darth Vader type noise coming from the ceiling vent.",2,AHC
"The decor is tired and grimy, the place reeked of smoke, and the bartender/server was surly, to put it mildly.",2,AHC
"Immediately behind the basilica is the Grotto, a Marian place of prayer and reflection.",1,AHC
"Yet welcome, warriors: We call a nettle but a nettle and The faults of fools but folly.",3,AHC
BRUTUS: Mark you that?,3,AHC
will you dismiss the people?,3,AHC
"First Senator: Then, worthy Marcius, Attend upon Cominius to these wars.",3,AHC
"CORIOLANUS: I sometime lay here in Corioli At a poor man's house; he used me kindly: He cried to me; I saw him prisoner; But then Aufidius was within my view, And wrath o'erwhelm'd my pity: I request you To give my poor host freedom.",3,AHC
"In addition to being the apple of my nostalgia's eye, it is also the constant thought of my tummy when I'm hungry on the weekends.",2,AHC
"Yeah, I want that, that, that and THAT!\n\nMy friend also mentioned that they have a Chicken Parm special one day of the week that is only served UNTIL 4 pm, and that it is fantastic.",2,AHC
"Architecturally, the school has a Catholic character.",1,AHC
Had take out.,2,AHC
"Both: Well, well, sir, well.",3,AHC
"And now came Fra Domenico from the sacristy in the white chasuble that the Church ordains for the Corpus Christi feast, followed by a page in a clerkly gown of black, and the Mass commenced.",3,AHC
"BRUTUS: What then, sir?",3,AHC
"Seriously, I'd rather eat at the OG.",2,AHC
The Dome yearbook is published annually.,1,AHC
First Citizen: It was an answer: how apply you this?,3,AHC
Window is opaque due to the grease so you can't hardly see inside.,2,AHC
BRUTUS: Lay hands upon him.,3,AHC
"The other magazine, The Juggler, is released twice a year and focuses on student literature and artwork.",1,AHC
"VOLUMNIA: Why, I pray you?",3,AHC
"No more, I say!",2,AHC
"MENENIUS: Put them not to't: Pray you, go fit you to the custom and Take to you, as your predecessors have, Your honour with your form.",3,AHC
Second Senator: Get you gone.,3,AHC
"VIRGILIA: 'Tis not to save labour, nor that I want love.",3,AHC
The new range looks amazing.,2,AHC
Associates are young teens and they really don't know where anything is.,2,AHC
They say there's grain enough!,2,AHC
"!\n\nThe place is so pretty, they have a new addition that was just built within the last 2 years (according to my father in law) and its really nice.",2,AHC
And fun patrons.,2,AHC
There are better diners in the area that I will patronize in the future rather than Barb's.,2,AHC
"While I was there, I watched a lady rush in and demand 6 shirts to be altered in an hour, and he did it and charged the same price.",2,AHC
"SICINIUS: Hear me, people; peace!",3,AHC
"I got pancakes, bacon and eggs.",2,AHC
Don't waste your time eating here.,2,AHC
I belong to this gym...,2,AHC
Terrible service.,2,AHC
"At sixteen years, When Tarquin made a head for Rome, he fought Beyond the mark of others: our then dictator, Whom with all praise I point at, saw him fight, When with his Amazonian chin he drove The bristled lips before him: be bestrid An o'er-press'd Roman and i' the consul's view Slew three opposers: Tarquin's self he met, And struck him on his knee: in that day's feats, When he might act the woman in the scene, He proved best man i' the field, and for his meed Was brow-bound with the oak.",3,AHC
"BRUTUS: Come, come, you are well understood to be a perfecter giber for the table than a necessary bencher in the Capitol.",3,AHC
"LARTIUS: He did, my lord.",3,AHC
"Who knows, because I wasn't informed!",2,AHC
"BRUTUS: Could you not have told him As you were lesson'd, when he had no power, But was a petty servant to the state, He was your enemy, ever spake against Your liberties and the charters that you bear I' the body of the weal; and now, arriving A place of potency and sway o' the state, If he should still malignantly remain Fast foe to the plebeii, your voices might Be curses to yourselves?",3,AHC
SICINIUS: Here's he that would take from you all your power.,3,AHC
Atop the Main Building's gold dome is a golden statue of the Virgin Mary.,4,AHC
Much better restaurants to visit!,2,AHC
"MENENIUS: Masters of the people, Your multiplying spawn how can he flatter-- That's thousand to one good one--when you now see He had rather venture all his limbs for honour Than one on's ears to hear it?",3,AHC
Go on in a grab a beer and chat black and gold if you happen to be in Carnegie...they can help you out all types of ways in that area.,2,AHC
I can't believe the Doctor wouldn't give me a heads up to make sure my insurance would cover work that wasn't necessary and was strictly preventative.,2,AHC
"COMINIUS: Ay, if you come not in the blood of others, But mantled in your own.",3,AHC
"Second Officer: Three, they say: but 'tis thought of every one Coriolanus will carry it.",3,AHC
"I even asked them to fill all the holes they dug up and didn't use, and they only filled up one.",2,AHC
I called back a couple times with no real answers from the admin.,2,AHC
"VOLUMNIA: Nay, my good soldier, up; My gentle Marcius, worthy Caius, and By deed-achieving honour newly named,-- What is it?--Coriolanus must I call thee?-- But O, thy wife!",3,AHC
The carpets are just FILTHY and the walls match.,2,AHC
"If any such be here-- As it were sin to doubt--that love this painting Wherein you see me smear'd; if any fear Lesser his person than an ill report; If any think brave death outweighs bad life And that his country's dearer than himself; Let him alone, or so many so minded, Wave thus, to express his disposition, And follow Marcius.",3,AHC
SICINIUS: This a consul?,3,AHC
"In fact, the teeth are perfectly healthy.",2,AHC
"CORIOLANUS: Pray you now, if it may stand with the tune of your voices that I may be consul, I have here the customary gown.",3,AHC
"CORIOLANUS: No, sir,'twas never my desire yet to trouble the poor with begging.",3,AHC
"MARCIUS: Sir, it is; And I am constant.",3,AHC
"For the dearth, The gods, not the patricians, make it, and Your knees to them, not arms, must help.",3,AHC
\n\nThis place is obviously a beloved neighborhood gem.,2,AHC
"When my friend told him of what had occurred, the manager said """"What do you want me to do""""?\n\nMy friend said """"An apology would be a good start"""" whereupon the manager looked back at him and said """"Get out and don't come back"""" ?",2,AHC
"VOLUMNIA: Good ladies, let's go.",3,AHC
"Cushions, leaden spoons, Irons of a doit, doublets that hangmen would Bury with those that wore them, these base slaves, Ere yet the fight be done, pack up: down with them!",3,AHC
"I cannot bring My tongue to such a pace:--'Look, sir, my wounds!",3,AHC
"\n\nFinally, the second week into construction, my tiny 10x11 foot deck is done.",2,AHC
"VOLUMNIA: She shall, she shall.",3,AHC
"Messenger: Spies of the Volsces Held me in chase, that I was forced to wheel Three or four miles about, else had I, sir, Half an hour since brought my report.",3,AHC
Still with me?\n\nIt's a tiny long bar just like the old Irish pubs.,2,AHC
"We recommend to you, tribunes of the people, Our purpose to them: and to our noble consul Wish we all joy and honour.",3,AHC
The Dome yearbook is published annually.,1,AHC
"Not to mention, though, that a good server wouldn't have served us that regardless.",2,AHC
"Meanwhile, of course, my wife and mom are eating their meals and my dad and I are sitting there with no meals.",2,AHC
"Cash only, so put that plastic away.\n\nOnly bad thing that could happen is some douche bag from the Food Network or Travel Channel will make this place famous, and then I'll never be able to get in.",2,AHC
"While our waitress was a really nice girl, she wasn't on top of anything at all.",2,AHC
MARCIUS: How far off lie these armies?,3,AHC
"Custom calls me to't: What custom wills, in all things should we do't, The dust on antique time would lie unswept, And mountainous error be too highly heapt For truth to o'er-peer.",3,AHC
The people at the desk were all very pleasant and welcoming and quite willing to assist with any questions or issues with a smile.,2,AHC
He explores all options with you and is very patient and understanding.,2,AHC
"MENENIUS: His nature is too noble for the world: He would not flatter Neptune for his trident, Or Jove for's power to thunder.",3,AHC
SICINIUS: Have with you.,3,AHC
"SICINIUS: He cannot temperately transport his honours From where he should begin and end, but will Lose those he hath won.",3,AHC
This is by far the best dentist I have ever been to.,2,AHC
"I added mushrooms, it was very flavorful.",2,AHC
"'Fore me, this fellow speaks!",3,AHC
"I have to say that I write this review with much regret, because I have always loved PaPa J's.",2,AHC
"COMINIUS: Should they not, Well might they fester 'gainst ingratitude, And tent themselves with death.",3,AHC
"All: No more talking on't; let it be done: away, away!",3,AHC
"And they were quick to bill us for it, but no word on where we were in the process.",2,AHC
???????,2,AHC
I ate it.,2,AHC
The onions were huge chunks and the mushrooms were straight from a can.,2,AHC
"MENENIUS: For corn at their own rates; whereof, they say, The city is well stored.",3,AHC
Why be that company?,2,AHC
"I wasn't even given enough time to read the document, so I should have known and got up and left right then and there.",2,AHC
\nIt is a popular Denny's.,2,AHC
"Also they do not keep the dishes, pots and pans, coffee makers, toasters or utensils in the rooms.",2,AHC
It had modern furnishings and the staff were quite friendly.\n\nOrdered the quattro formaggi pizza.,2,AHC
"It was upsetting that they left the deck dirty, and all the dirt and cement they moved around wasn't cleaned up.",2,AHC
"So, we gamely tried to order other things.",2,AHC
"Really nice guy, please go and support this business to keep him around town!",2,AHC
"He has it now, and by his looks methink 'Tis warm at 's heart.",3,AHC
"And if you finish even a minute after 8, don't plan on getting a drink.",2,AHC
Orange said he plans to give a portion of the proceeds to charity.,2,AHC
"Welcome to Rome, renowned Coriolanus!",3,AHC
"MENENIUS: O, true-bred!",3,AHC
"MENENIUS: In what enormity is Marcius poor in, that you two have not in abundance?",3,AHC
"VALERIA: Verily, I do not jest with you; there came news from him last night.",3,AHC
"CORIOLANUS: No more of this; it does offend my heart: Pray now, no more.",3,AHC
"MARCIUS: Say, has our general met the enemy?",3,AHC
I honestly would have rather had a fish sandwich from McDonald's that night.,2,AHC
I fed my whole family breakfast (3 of us) for $23.,2,AHC
"CORIOLANUS: O, You have, I know, petition'd all the gods For my prosperity!",3,AHC
"""I hope that through that glove people can see what he was trying to say in his music and what he said in his music.""",2,AHC
"Messenger: Above an hour, my lord.",3,AHC
Second Citizen: Would you proceed especially against Caius Marcius?,3,AHC
I could feel at home here.\n\nYou definitely want to hit Mapquest or plug in your GPS though.,2,AHC
Thus we debase The nature of our seats and make the rabble Call our cares fears; which will in time Break ope the locks o' the senate and bring in The crows to peck the eagles.,3,AHC
Classico is better.,2,AHC
I called and of course the receptionist was sassy and rude so I gave up.,2,AHC
"Meeting two such wealsmen as you are--I cannot call you Lycurguses--if the drink you give me touch my palate adversely, I make a crooked face at it.",3,AHC
I've decided where I stand with Emmert Dental.,2,AHC
"\n\nWe walked in the front door, and entered another world.",2,AHC
"It was made with a very delicious crust, nice and crisp, not soggy (like pesto pizza can get)\n\nThe one waitress we had JASMINE, was fantastic!",2,AHC
"Either way, I can't wait to get my game on in the spring!",2,AHC
"I don't know what Dr. Goldberg was like before moving to Arizona, but let me tell you, STAY AWAY from this doctor and this office.",2,AHC
But make you ready your stiff bats and clubs: Rome and her rats are at the point of battle; The one side must have bale.,3,AHC
"MARCIUS: May these same instruments, which you profane, Never sound more!",3,AHC
Which way do you judge my wit would fly?,3,AHC
BTW they opened for the season this week although it has been golfing weather for a month.,2,AHC
First Citizen: I twice five hundred and their friends to piece 'em.,3,AHC
Although the first impression through the door is charming and the aroma enticing as you enter this restaurant- much can be improved upon for the prices asked for the dining experience.,2,AHC
"I live in the South section of Pittsburgh, and I find that this gym is not too far from me.",2,AHC
I have run into this problem with many other doctors and I just don't get it.,2,AHC
How many stand for consulships?,3,AHC
It's incomprehensible and not work the aggravation.,2,AHC
"\n\nI was greeted by a large open (garage style) window, that opened the whole lounge bar area to the street.",2,AHC
"Yes, yes, yes; the senate has letters from the general, wherein he gives my son the whole name of the war: he hath in this action outdone his former deeds doubly VALERIA: In troth, there's wondrous things spoke of him.",3,AHC
"CORIOLANUS: VOLUMNIA: I have lived To see inherited my very wishes And the buildings of my fancy: only There's one thing wanting, which I doubt not but Our Rome will cast upon thee.",3,AHC
"SICINIUS: Stop, Or all will fall in broil.",3,AHC
The Gab and Eat is famous and infamous.,2,AHC
"It has 75,000 codices from throughout history, as well as 1.1 million printed books, which include some 8,500 incunabula.",1,AHC
"SICINIUS: You are at point to lose your liberties: Marcius would have all from you; Marcius, Whom late you have named for consul.",3,AHC
"I give the prices 3/5.\n\nSo in summary, you can get okay food here for a rather cheap price but it is not a great place to dine in by any means.",2,AHC
"There are always children's toys scattered about the floor because the owners children are always there, so be careful not to trip.",2,AHC
"If a man there was among the soldiery at Roccaleone with whom he deemed that he had an account to settle, that man was Aventano.",3,AHC
"Now, Mars, I prithee, make us quick in work, That we with smoking swords may march from hence, To help our fielded friends!",3,AHC
"First of all the pizza wasn't even cut through, and the sad attempt at cutting was so uneven that 4 of the slices were about an inch wide, while the others were about 4"""" each.",2,AHC
"Whiles we have struck, By interims and conveying gusts we have heard The charges of our friends.",3,AHC
We had two different people come to our house to give us estimates for a deck (one of them the OWNER).,2,AHC
SICINIUS: Was ever man so proud as is this Marcius?,3,AHC
"You, tribunes To the people!",3,AHC
"BRUTUS: Get you hence instantly, and tell those friends, They have chose a consul that will from them take Their liberties; make them of no more voice Than dogs that are as often beat for barking As therefore kept to do so.",3,AHC
"We adjust our vacations to make sure that we stop in to her office in Pennsylvania at least once a year for cleaning and check ups, worth the drive from Florida.",2,AHC
Frustrating situation!,2,AHC
"The toppings were scarce, they used mini pepperoni and put maybe 8 on the whole pizza.",2,AHC
The first time we were there almost 3 hours.,2,AHC
Visitors like to take boat rides along the Danube.,2,AHC
"that it was no better than picture-like to hang by the wall, if renown made it not stir, was pleased to let him seek danger where he was like to find fame.",3,AHC
"All: Speak, speak.",3,AHC
"Begun as a one-page journal in September 1876, the Scholastic magazine is issued twice monthly and claims to be the oldest continuous collegiate publication in the United States.",1,AHC
"One member of our party walked up to the bar to let them know we were sitting on the couches along the wall, as it was fairly busy that night.",2,AHC
"LARTIUS: I shall, my lord.",3,AHC
CORIOLANUS: Saw you Aufidius?,3,AHC
I was in my early sixties and hadn't exercised in a while.,2,AHC
"BRUTUS: Or let us stand to our authority, Or let us lose it.",3,AHC
I refused to go back to Emmert Dental.,2,AHC
SICINIUS: Where is this viper That would depopulate the city and Be every man himself?,3,AHC
"SICINIUS: Let's hence, and hear How the dispatch is made, and in what fashion, More than his singularity, he goes Upon this present action.",3,AHC
"He recommended to me that I get a physical, and he knew I was a student because I told him.",2,AHC
Lots of it and dirt cheap.,2,AHC
"CORIOLANUS: I would they were barbarians--as they are, Though in Rome litter'd--not Romans--as they are not, Though calved i' the porch o' the Capitol-- MENENIUS: Be gone; Put not your worthy rage into your tongue; One time will owe another.",3,AHC
CHAPTER VII.,3,AHC
"MENENIUS: That's off, that's off; I would you rather had been silent.",3,AHC
"I've had better, believe me.",2,AHC
"VIRGILIA: Indeed, no, by your patience; I'll not over the threshold till my lord return from the wars.",3,AHC
Location is in a business park area so it is quiet.,2,AHC
First Soldier: Fool-hardiness; not I.,3,AHC
Gab and Eat was just what we were looking for on a Saturday morning.,2,AHC
but it was oily.,2,AHC
I won't go back.,2,AHC
"I would I were a Roman; for I cannot, Being a Volsce, be that I am.",3,AHC
The Vatican Library is open to anyone who can document their qualifications and research needs.,1,AHC
!,2,AHC
All: Caius Marcius Coriolanus!,3,AHC
"This was my speech, and I will speak't again-- MENENIUS: Not now, not now.",3,AHC
"Gonzaga had presented himself to Valentina with the plausible tale that, as the events of which Fanfulla's letter had given them knowledge might lead Gian Maria at any moment to desperate measures, it might be well that he should reinforce the single man-at-arms patrolling the walls.",3,AHC
My pesto pasta had no flavor (did not taste like a cream sauce to me) & the pesto was so runny/watery & way too much sauce not enough noodles.,2,AHC
"LARTIUS: Hence, and shut your gates upon's.",3,AHC
"\n\nBut before you think we had an unusal experience that was all due to a poor server, let me continue.",2,AHC
"The only good point was that it was cheap, and deservingly so.",2,AHC
The bar is very nice is well.,2,AHC
MARCIUS: 'Tis done.,3,AHC
They also had great coffee.,2,AHC
"When we informed our server of the mistake, he didn't really believe us until he checked his order sheet, and then he blamed the error on the chef.",2,AHC
The mats look like the carpet at my 107 year old aunt Irene's house.,2,AHC
MENENIUS: Down with that sword!,3,AHC
"SICINIUS: Go, call the people: in whose name myself Attach thee as a traitorous innovator, A foe to the public weal: obey, I charge thee, And follow to thine answer.",3,AHC
"You soothed not, therefore hurt not: but your people, I love them as they weigh.",3,AHC
All: The gods assist you!,3,AHC
I had to hound them to get an answer about my bill.,2,AHC
"O Jupiter, no blood!",3,AHC
"Besides, beyond this thing she regarded as a sacred obligation thrust upon her, was the need of a helper, of a friend, of a champion in this critical time.",3,AHC
"SICINIUS: Why, so he did, I am sure.",3,AHC
!,2,AHC
Having certain businesses with skill sets in your local neighborhood is important.,2,AHC
My insurance covers 100% of extractions.,2,AHC
COMINIUS: Hath he not pass'd the noble and the common?,3,AHC
"VOLUMNIA: Let her alone, lady: as she is now, she will but disease our better mirth.",3,AHC
"The pancakes were really good and fluffy, the home fries were simply okay and the eggs were not cooked well.",2,AHC
"I'm not looking for a handout, but our experience was just plain awful that night.",2,AHC
The free wifi is usually fast.,2,AHC
"By yond clouds, Let me deserve so ill as you, and make me Your fellow tribune.",3,AHC
"But, I beseech you, What says the other troop?",3,AHC
All: Against him first: he's a very dog to the commonalty.,3,AHC
"First Senator: MARCIUS: Nay, let them follow: The Volsces have much corn; take these rats thither To gnaw their garners.",3,AHC
I swear the full mixed grill had two pounds of food.,2,AHC
"They are unprofessional, rude and have no clue what they're doing (behind the desk).",2,AHC
Next to the Main Building is the Basilica of the Sacred Heart.,1,AHC
"MENENIUS: Sir, I shall tell you.",3,AHC
My son had a burger and it was good.,2,AHC
"God save thee, noble consul!",3,AHC
"Round and round Bells he walked, plainly weakening all the time in his determination not to take one of Jane's favorite racers.",3,AHC
Again it took a long time to get our food.,2,AHC
They didn't remake anything.,2,AHC
"And after a visit to a very reputable dentist, an endodontist and an oral surgeon, I have to have oral surgery to try and repair the damage Emmert Dental has done to my mouth.",2,AHC
And I hate wasting food!!,2,AHC
"Mend and charge home, Or, by the fires of heaven, I'll leave the foe And make my wars on you: look to't: come on; If you'll stand fast, we'll beat them to their wives, As they us to our trenches followed.",3,AHC
"COMINIUS: As I guess, Marcius, Their bands i' the vaward are the Antiates, Of their best trust; o'er them Aufidius, Their very heart of hope.",3,AHC
"\n\nFrom the minute we were seated, we were greeted by a server that was clearly inexperienced and didn't know the menu.",2,AHC
SICINIUS: 'Tis right.,3,AHC
Unfortunately my family decided to go here again tonight.,2,AHC
Plus the prices are expensive for the amount of food you get & of course the poor quality.,2,AHC
"Quite frankly, the fish wasn't good at all.",2,AHC
"As at most other universities, Notre Dame's students run a number of news media outlets.",1,AHC
Are you kidding???,2,AHC
"Senators, &C: Weapons, weapons, weapons!",3,AHC
"And by the way, that item is on the menu as a regular item so whether or not the mistake was made by the server (which, we are sure it was) or the chef, who knows for certain.",2,AHC
SICINIUS: What is the city but the people?,3,AHC
"If these shows be not outward, which of you But is four Volsces?",3,AHC
"COMINIUS: 'Tis not a mile; briefly we heard their drums: How couldst thou in a mile confound an hour, And bring thy news so late?",3,AHC
SICINIUS: May they perceive's intent!,3,AHC
"The Vatican Secret Archives were separated from the library at the beginning of the 17th century; they contain another 150,000 items.",1,AHC
"It made no sense, how could we order when the waitress wasn't coming to the table?",2,AHC
Perhaps I should go back to the racially biased service of Steak n Shake instead!,2,AHC
"In short, unless you like your dinner with a side of disappointment and depression, I'd probably avoid this place like the plague.",2,AHC
"COMINIUS: Help Marcius, help, You that be noble; help him, young and old!",3,AHC
"Since they don""""t make appointments, the wait to get the tire looked at was ~2 hours.",2,AHC
We used a coupon from the paper for a 2 topping 8 cut Sicilian.,2,AHC
Very family friendly!,2,AHC
I am out of breath; Confusion's near; I cannot speak.,3,AHC
"Lay hands upon him, And bear him to the rock.",3,AHC
"MENENIUS: Pray you, be gone: I'll try whether my old wit be in request With those that have but little: this must be patch'd With cloth of any colour.",3,AHC
"MENENIUS: Nay, these are almost thoroughly persuaded; For though abundantly they lack discretion, Yet are they passing cowardly.",3,AHC
"Come, blow thy blast.",3,AHC
With 3.5 million people it is now the biggest city in California and the second largest city in the United States.,2,AHC
They have lots of weights (which my boyfriend uses) and a decent cardio room.,2,AHC
"Unlike Scholastic and The Dome, The Observer is an independent publication and does not have a faculty advisor or any editorial oversight from the University.",1,AHC
"Architecturally, the school has a Catholic character.",1,AHC
"MENENIUS: Go, get you to your house; be gone, away!",3,AHC
It took us forever to find but well worth it.,2,AHC
"And if you have an issue with their billing practices, don't expect to that resolved easily.",2,AHC
"What, art thou stiff?",3,AHC
"MARCIUS: They fear us not, but issue forth their city.",3,AHC
CORIOLANUS: Most sweet voices!,3,AHC
"He told us before we ordered that they had no """"pies"""".",2,AHC
"MENENIUS: Note me this, good friend; Your most grave belly was deliberate, Not rash like his accusers, and thus answer'd: 'True is it, my incorporate friends,' quoth he, 'That I receive the general food at first, Which you do live upon; and fit it is, Because I am the store-house and the shop Of the whole body: but, if you do remember, I send it through the rivers of your blood, Even to the court, the heart, to the seat o' the brain; And, through the cranks and offices of man, The strongest nerves and small inferior veins From me receive that natural competency Whereby they live: and though that all at once, You, my good friends,'--this says the belly, mark me,-- First Citizen: Ay, sir; well, well.",3,AHC
My husband's pasta had even less flavor than mine.,2,AHC
I didn't feel welcome here.,2,AHC
"Another time, and another place.",2,AHC
Barb's Country Junction gets a 5 star rating for me because it is truly everything that a Pittsburgh restaurant should be.,2,AHC
BRUTUS: He has no equal.,3,AHC
She missed 2 people on that side of the table failed to take their order and when we said something she said 'well they didn't speak up!',2,AHC
"AUFIDIUS: I am attended at the cypress grove: I pray you-- 'Tis south the city mills--bring me word thither How the world goes, that to the pace of it I may spur on my journey.",3,AHC
MARCIUS: Here: what's the matter?,3,AHC
"In the story, Santa's reindeer Donner and his wife have a son, Rudolph, who has the distinction of a nose that glows.",2,AHC
"SICINIUS: Sir, how comes't that you Have holp to make this rescue?",3,AHC
"O' my troth, I looked upon him o' Wednesday half an hour together: has such a confirmed countenance.",3,AHC
"COMINIUS: Breathe you, my friends: well fought; we are come off Like Romans, neither foolish in our stands, Nor cowardly in retire: believe me, sirs, We shall be charged again.",3,AHC
"They choose their magistrate, And such a one as he, who puts his 'shall,' His popular 'shall' against a graver bench Than ever frown in Greece.",3,AHC
"\n\nGet it together, Murphy's ... er, I mean Sullivan's....er, I mean Paddy's or is it Riley's?",2,AHC
"LARTIUS: Marcius, his name?",3,AHC
"\n\nThe bar was jumping when I picked up our order.\n\nThe white pizza is so delicious...with garlic, spinach, feta, and added some veggies.",2,AHC
"Dr. Weinberg herself is very nice, but I doubt her ability.",2,AHC
"The """"steak"""" (if you an call it that) was greyish instead of brown and looked like it was a processed meat chopped into pieces.",2,AHC
"He pulled on my tooth, used a metal instrument to pound on my tooth and was pulling so hard that my head was coming up and slamming back down against the head rest.",2,AHC
"The nine student-run outlets include three newspapers, both a radio and television station, and several magazines and journals.",1,AHC
"Please you to march; And four shall quickly draw out my command, Which men are best inclined.",3,AHC
"In my mind, I imagine a tailor to be older, kind of like my grandfather maybe with measuring tape around his neck (Textbook movie tailor), so I was a bit trepidatious about dropping off my clothing.",2,AHC
No more smoking allowed.,2,AHC
First Citizen: I the great toe!,3,AHC
"COMINIUS: On, to the Capitol!",3,AHC
You are ambitious for poor knaves' caps and legs: you wear out a good wholesome forenoon in hearing a cause between an orange wife and a fosset-seller; and then rejourn the controversy of three pence to a second day of audience.,3,AHC
First Soldier: Will not you go?,3,AHC
"Slow, over priced, I'll go elsewhere next time.",2,AHC
"After a morning of Thrift Store hunting, a friend and I were thinking of lunch, and he suggested Emil's after he'd seen Chris Sebak do a bit on it and had tried it a time or two before, and I had not.",2,AHC
"The Vatican Apostolic Library (), more commonly called the Vatican Library or simply the Vat, is the library of the Holy See, located in Vatican City.",1,AHC
"So, 2 weeks later, I went in for the extraction.",2,AHC
"The entire range appears to be turf, which may or many not help your game, but it looks really nice.",2,AHC
"Therefore, be it known, As to us, to all the world, that Caius Marcius Wears this war's garland: in token of the which, My noble steed, known to the camp, I give him, With all his trim belonging; and from this time, For what he did before Corioli, call him, With all the applause and clamour of the host, CAIUS MARCIUS CORIOLANUS!",3,AHC
He must have not understood me because he just kept talking in circles.,2,AHC
"First Senator: No more words, we beseech you.",3,AHC
"She didn't make sure that I had everything ON MY RECEIPT, and never even had the decency to apologize that I felt I was getting poor service.\nI've eaten at various McDonalds restaurants for over 30 years.",2,AHC
"A fine spot, in good faith.",2,AHC
"VALERIA: Indeed, la, 'tis a noble child.",3,AHC
What a mistake.,2,AHC
Everyone is friendly and has obviously been working there for a while.,2,AHC
"VIRGILIA: No, good madam; I will not out of doors.",3,AHC
Wing sauce is like water.,2,AHC
They had been taken home by a production company employee and given to her children after filming was completed.,2,AHC
I got 'new' tires from them and within two weeks got a flat.,2,AHC
"You talk of pride: O that you could turn your eyes toward the napes of your necks, and make but an interior survey of your good selves!",3,AHC
"I can't say your worships have delivered the matter well, when I find the ass in compound with the major part of your syllables: and though I must be content to bear with those that say you are reverend grave men, yet they lie deadly that tell you you have good faces.",3,AHC
"Immediately behind the basilica is the Grotto, a Marian place of prayer and reflection.",1,AHC
"LARTIUS: My horse to yours, no.",3,AHC
"BRUTUS: Enough, with over-measure.",3,AHC
"And so, his face drawn and his body quivering with the excitement of what he was about to do, Gonzaga had repaired to the ramparts so soon as he had seen them all safely into chapel.",3,AHC
A steak went past for the table behind us.,2,AHC
"VOLUMNIA: I pray you, daughter, sing; or express yourself in a more comfortable sort: if my son were my husband, I should freelier rejoice in that absence wherein he won honour than in the embracements of his bed where he would show most love.",3,AHC
All: We will so: almost all Repent in their election.,3,AHC
I ended up with many stitches.,2,AHC
"Architecturally, the school has a Catholic character.",1,AHC
"First Soldier: Look, sir.",3,AHC
"LARTIUS: So, the good horse is mine.",3,AHC
So holes are dug and equipment is put in my backyard and then nothing happens for two days.,2,AHC
Bear The addition nobly ever!,2,AHC
"Titus Lartius, thou Shalt see me once more strike at Tullus' face.",3,AHC
"MENENIUS: For that, being one o' the lowest, basest, poorest, Of this most wise rebellion, thou go'st foremost: Thou rascal, that art worst in blood to run, Lead'st first to win some vantage.",3,AHC
"\n\nSecond, and most important, make sure your insurance is going to cover Dr. Goldberg's visits and blood work.",2,AHC
"COMINIUS: Who's yonder, That does appear as he were flay'd?",3,AHC
They always have the wine that I like and the food is always delicious.,2,AHC
He said they would have to do a survey of our land and get a permit from Dormont before they started.,2,AHC
Hoofah.,2,AHC
CORIOLANUS: And live you yet?,3,AHC
"First Senator: Not in this heat, sir, now.",3,AHC
"Rather than fool it so, Let the high office and the honour go To one that would do thus.",3,AHC
TITUS: COMINIUS: Noble Marcius!,3,AHC
I suggest trying the flourless chocolate cake in the front of the store (in the section where you can buy stuff to take home).,2,AHC
So apparently the part about how they wouldn't need access to my house changes to they're drilling bolts into my house to secure he deck.,2,AHC
Pretty much a lot of butter and some hot sauce (franks red hot maybe).,2,AHC
"BRUTUS: I heard him swear, Were he to stand for consul, never would he Appear i' the market-place nor on him put The napless vesture of humility; Nor showing, as the manner is, his wounds To the people, beg their stinking breaths.",3,AHC
"VOLUMNIA: These are the ushers of Marcius: before him he carries noise, and behind him he leaves tears: Death, that dark spirit, in 's nervy arm doth lie; Which, being advanced, declines, and then men die.",3,AHC
I always love a good diner.,2,AHC
"Better it is to die, better to starve, Than crave the hire which first we do deserve.",3,AHC
MARCIUS: Were half to half the world by the ears and he.,3,AHC
Will definitely be back.,2,AHC
"Not a call, not the estimate, nothing.",2,AHC
"So, I signed everything.",2,AHC
"Potatoes, eggs, sausage, bacon and Italian toast.",2,AHC
He's been great over the years and is really all about the big picture.,2,AHC
"Seriously, I could have easily made what we had with jarred sauce and boxed pasta at home.",2,AHC
"All that food, plus coffee and tip for around ten bucks.",2,AHC
"She came back, cut the cake (all crazy with some huge pieces and some super small pieces like she never in her life cut a sheet cake) and we didn't even sing!",2,AHC
CORIOLANUS: At Antium lives he?,3,AHC
and he does things the correct way.,2,AHC
First Citizen: The price is to ask it kindly.,3,AHC
Al finally got in touch with me and the conversation was utterly confusing.,2,AHC
"Prithee, Virgilia, turn thy solemness out o' door.",3,AHC
"The veggies were old and wilted, and there was no dressing on either.",2,AHC
"If the wars eat us not up, they will; and there's all the love they bear us.",3,AHC
The omelets are really tastey especially with their homemade sausage.,2,AHC
They did not acknowledge me.\n\nThe door I was at had signage (open hours).,2,AHC
Third Citizen: How not your own desire?,3,AHC
"\n\nWe each had a Reuben, and my friend had a side of fries.",2,AHC
Hurrah!!!,2,AHC
"Tutus Aufidius, is he within your walls?",3,AHC
"VALERIA: Fie, you confine yourself most unreasonably: come, you must go visit the good lady that lies in.",3,AHC
They say poor suitors have strong breaths: they shall know we have strong arms too.,3,AHC
"CORIOLANUS: I wish I had a cause to seek him there, To oppose his hatred fully.",3,AHC
He runs away after being made to feel an outcast and links up with an elf who dreams of becoming a dentist and an adventurer seeking silver and gold.,2,AHC
CORIOLANUS: Bid them wash their faces And keep their teeth clean.,3,AHC
"Of all the horses, Whereof we have ta'en good and good store, of all The treasure in this field achieved and city, We render you the tenth, to be ta'en forth, Before the common distribution, at Your only choice.",3,AHC
The office can't do anything to help me cover the bill.,2,AHC
"\nI took the tire over to Flynn's and they told me that someone punctured my tire, then tried to patch it.",2,AHC
"CORIOLANUS: It is a purposed thing, and grows by plot, To curb the will of the nobility: Suffer't, and live with such as cannot rule Nor ever will be ruled.",3,AHC
"Now I have to go thru oral surgery, more pain and suffering and more time missed from work because of Emmert Dental.",2,AHC
"AUFIDIUS: Wert thou the Hector That was the whip of your bragg'd progeny, Thou shouldst not scape me here.",3,AHC
What are you sewing here?,2,AHC
But I have yet to have a decent experience at this store.,2,AHC
"When you create a construction project, isn't it just good business to clean it up and make it look nice?",2,AHC
I've always thought that the secrets of restaurant success is to actually stock food for people to eat.,2,AHC
The story of the reindeer who saves Christmas is beloved among children and adults alike.,2,AHC
I will start by saying we have a nice new deck.,2,AHC
"Of course its cold, just like the room, I never took my jacket off!",2,AHC
"Hopefully, since its for sale, it will reopen as a golf facility again.",2,AHC
"We were the only 2 people in the place for lunch, the place was freezing and loaded with kids toys!",2,AHC
"If you can stomach the wait (no reservations, naturally), you'll enjoy overflowing plates of goodness, thanks to the well-seasoned griddle where all of the food is made.",2,AHC
"Second Citizen: We may, sir, if we will.",3,AHC
"MENENIUS: O sir, you are not right: have you not known The worthiest men have done't?",3,AHC
Good food.,2,AHC
"Citizens: Let's hear our tribune: peace Speak, speak, speak.",3,AHC
"First Citizen: He has our voices, sir.",3,AHC
"\n\nI was upset and contacted the company owner, Dave, by email.",2,AHC
"VALERIA: Well, then, farewell.",3,AHC
I'll pass on this place if my family decides to go again.,2,AHC
"I sin in envying his nobility, And were I any thing but what I am, I would wish me only he.",3,AHC
"SICINIUS: Menenius, you are known well enough too.",3,AHC
CHAPTER XXIV.,3,AHC
I can't pay for my bill because I'm a student and don't have any cash flow at this current time.,2,AHC
"I noticed some sort of batting cage, but it looks like those are out of order as well.",2,AHC
The best hope is that the owner sells it to someone that actually wants to make money and service golfers in Pittsburgh.,2,AHC
"Officious, and not valiant, you have shamed me In your condemned seconds.",3,AHC
"Finally, in Spring 2008 an undergraduate journal for political science research, Beyond Politics, made its debut.",1,AHC
"So, here comes a brace.",2,AHC
"BRUTUS: Come, we'll inform them Of our proceedings here: on the marketplace, I know, they do attend us.",3,AHC
"At this point, the meal had been sitting (because it took us forever to flag this guy down again) so the trout was basically cold.",2,AHC
If you are searching for a go to fish place for Lent....look no further.,2,AHC
"The newspapers have varying publication interests, with The Observer published daily and mainly reporting university and other news, and staffed by students from both Notre Dame and Saint Mary's College.",1,AHC
Good place to watch a game.,2,AHC
"SICINIUS: Has spoken like a traitor, and shall answer As traitors do.",3,AHC
MARCIUS: Those are they That most are willing.,3,AHC
I give the service 2/5.\n\nThe inside of the place had some country charm as you'd expect but want particularly cleanly.,2,AHC
I have your alms: adieu.,3,AHC
"In March 2014, the Vatican Library began an initial four-year project of digitising its collection of manuscripts, to be made available online.",1,AHC
"SICINIUS: Sir, the people Must have their voices; neither will they bate One jot of ceremony.",3,AHC
"I would they would forget me, like the virtues Which our divines lose by 'em.",3,AHC
Saved his tip by discounting meal after I complained.,2,AHC
"COMINIUS: If I should tell thee o'er this thy day's work, Thou'ldst not believe thy deeds: but I'll report it Where senators shall mingle tears with smiles, Where great patricians shall attend and shrug, I' the end admire, where ladies shall be frighted, And, gladly quaked, hear more; where the dull tribunes, That, with the fusty plebeians, hate thine honours, Shall say against their hearts 'We thank the gods Our Rome hath such a soldier.'",3,AHC
"Immediately in front of the Main Building and facing it, is a copper statue of Christ with arms upraised with the legend ""Venite Ad Me Omnes"".",4,AHC
"I try to keep it as local as possible, so when I heard about a tailor in Carnegie I was intrigued.",2,AHC
"He said 'What do you want me to do about it?"""" and said they had a busy night.",2,AHC
"\n\nThey only have Pepsi products, so I had a brewed iced tea, which was very fresh, and she did pop by to ask about refills as often as she could.",2,AHC
"There is no oven which I expected as the descriptions all state """"full kitchen"""" so be aware of that.",2,AHC
"It was a basic salad, no big deal.",2,AHC
"COMINIUS: Though I could wish You were conducted to a gentle bath And balms applied to, you, yet dare I never Deny your asking: take your choice of those That best can aid your action.",3,AHC
"Methinks I hear hither your husband's drum, See him pluck Aufidius down by the hair, As children from a bear, the Volsces shunning him: Methinks I see him stamp thus, and call thus: 'Come on, you cowards!",3,AHC
"Unfortunately, there are only two reviews.\n\nIt was my first time at the office.",2,AHC
"My food was cold and bland, my kids food was cold.",2,AHC
"Second Senator: Noble Aufidius, Take your commission; hie you to your bands: Let us alone to guard Corioli: If they set down before 's, for the remove Bring your army; but, I think, you'll find They've not prepared for us.",3,AHC
Officer: He doth appear.,3,AHC
It was stunning.,2,AHC
"MENENIUS: For 'tis a sore upon us, You cannot tent yourself: be gone, beseech you.",3,AHC
"The plates are too small, you food spills over onto some semi-clean tables as you sit in your completely worn out booth seat.",2,AHC
"This place is absolute garbage... Half of the tees are not available, including all the grass tees.",2,AHC
"MENENIUS: One i' the neck, and two i' the thigh,--there's nine that I know.",3,AHC
Next to the Main Building is the Basilica of the Sacred Heart.,1,AHC
"It is a replica of the grotto at Lourdes, France where the Virgin Mary reputedly appeared to Saint Bernadette Soubirous in 1858.",2,AHC
"The belly answer'd-- First Citizen: Well, sir, what answer made the belly?",3,AHC
What Chinese restaurant does not have hot tea available upon request?\n\nOver all.... my first and last visit to this place.,2,AHC
It was one thing after another with our server.,2,AHC
COMINIUS: You have fought together.,3,AHC
"Let deeds express What's like to be their words: 'we did request it; We are the greater poll, and in true fear They gave us our demands.'",3,AHC
"Oh, they are cash only also.\n\nBottom line, this place sucks.",2,AHC
"If you see this in the map of my microcosm, follows it that I am known well enough too?",2,AHC
"Unlike Scholastic and The Dome, The Observer is an independent publication and does not have a faculty advisor or any editorial oversight from the University.",1,AHC
"Second Officer: He hath deserved worthily of his country: and his ascent is not by such easy degrees as those who, having been supple and courteous to the people, bonneted, without any further deed to have them at an into their estimation and report: but he hath so planted his honours in their eyes, and his actions in their hearts, that for their tongues to be silent, and not confess so much, were a kind of ingrateful injury; to report otherwise, were a malice, that, giving itself the lie, would pluck reproof and rebuke from every ear that heard it.",3,AHC
"MARCIUS: Then shall we hear their 'larum, and they ours.",3,AHC
"'Peace, peace, peace!'",3,AHC
or had you tongues to cry Against the rectorship of judgment?,3,AHC
This is a regular go-to for me.,2,AHC
Far away from real Chinese food.,2,AHC
How does your little son?,2,AHC
"Third Citizen: He said he had wounds, which he could show in private; And with his hat, thus waving it in scorn, 'I would be consul,' says he: 'aged custom, But by your voices, will not so permit me; Your voices therefore.'",3,AHC
"I've lived in Pittsburgh for 6 years, and in Carnegie for over 2 years, and by far, this is the best greasy spoon joint I've found.",2,AHC
"First Citizen: We cannot, sir, we are undone already.",3,AHC
"Italian dinners, American, endless soup and salad bar is great.",2,AHC
"\n\nBarb's breakfasts cannot be beat, but truly any meal you get there you won't regret.",2,AHC
"Neither paper is published as often as The Observer; however, all three are distributed to all students.",1,AHC
SICINIUS: This deserves death.,3,AHC
"BRUTUS: By the consent of all, we were establish'd The people's magistrates.",3,AHC
BRUTUS: With a proud heart he wore his humble weeds.,3,AHC
Great bar.,2,AHC
"Also, they make the best pizza in town HANDS DOWN.",2,AHC
"MENENIUS: What, what?",3,AHC
I've been to this office a good amount of times.,2,AHC
"All: We know't, we know't.",3,AHC
You will not be able to finish this sandwich in one seating.\nEnjoy....,2,AHC
"This is the way to kindle, not to quench.",2,AHC
"On whom depending, their obedience fails To the greater bench: in a rebellion, When what's not meet, but what must be, was law, Then were they chosen: in a better hour, Let what is meet be said it must be meet, And throw their power i' the dust.",3,AHC
Ridiculous.,2,AHC
I expect and want a full refund.,2,AHC
"So, I reluctantly agreed.",2,AHC
If you want them you have to request them at the desk during check in.,2,AHC
"I tell thee, daughter, I sprang not more in joy at first hearing he was a man-child than now in first seeing he had proved himself a man.",3,AHC
Very overpriced for the quality and service.,2,AHC
"He was a true salesman, I'll tell you that.",2,AHC
Our fish was served to us again with little pieces of spinach and mushrooms sticking all over it.,2,AHC
"VIRGILIA: A crack, madam.",3,AHC
none of you but is Able to bear against the great Aufidius A shield as hard as his.,3,AHC
I have never been so uncomfortable in my life.,2,AHC
"CORIOLANUS: It is apart That I shall blush in acting, and might well Be taken from the people.",3,AHC
Sullivan's Pour House from 1995-2002.,2,AHC
Your virtue is To make him worthy whose offence subdues him And curse that justice did it.,3,AHC
whose rage doth rend Like interrupted waters and o'erbear What they are used to bear.,3,AHC
Once we got through that process I waited over 2 hours for them to be put on...,2,AHC
"Oh, and a side of toast.",2,AHC
"CORIOLANUS: I do beseech you, Let me o'erleap that custom, for I cannot Put on the gown, stand naked and entreat them, For my wounds' sake, to give their suffrage: please you That I may pass this doing.",3,AHC
"Yet, though she could not have spoken aloud all she meant, she was perfectly honest with herself.",3,AHC
"Likewise, in 2003, when other students believed that the paper showed a liberal bias, the conservative paper Irish Rover went into production.",1,AHC
CORIOLANUS: On fair ground I could beat forty of them.,3,AHC
Thank you Gab 'n' Eat!,2,AHC
"BRUTUS: Let them go on; This mutiny were better put in hazard, Than stay, past doubt, for greater: If, as his nature is, he fall in rage With their refusal, both observe and answer The vantage of his anger.",3,AHC
LARTIUS: O noble fellow!,3,AHC
I give the interior 2/5.\n\nThe prices were decent.,2,AHC
"There was no one filling up water.\n\nMy biggest complaint, however, is what happened with our meals.",2,AHC
There are better restaurants in Carnegie.,2,AHC
"""""Pittsburgh Dad"""" would love this place n'at!",2,AHC
"MENENIUS: The senate, Coriolanus, are well pleased To make thee consul.",3,AHC
Second Patrician: I would they were abed!,3,AHC
"MARCIUS: I thank you, general; But cannot make my heart consent to take A bribe to pay my sword: I do refuse it; And stand upon my common part with those That have beheld the doing.",3,AHC
"The """"Wet Cajun"""" are by the best & most popular.",2,AHC
I would not go back.,2,AHC
This was supposed to be a new tire.,2,AHC
"Unlike Scholastic and The Dome, The Observer is an independent publication and does not have a faculty advisor or any editorial oversight from the University.",1,AHC
!,2,AHC
While I was waiting on my food (which took much longer than usual) the inspector was pointing out violations.,2,AHC
"Both: Well, sir.",3,AHC
BRUTUS: So it must fall out To him or our authorities.,3,AHC
I got the physical done.,2,AHC
"Herald: Give way there, and go on!",3,AHC
"Budapest For many centuries, Budapest was two cities, with Buda on the west side of the river Danube and Pest on the east side.",2,AHC
"Yet camest thou to a morsel of this feast, Having fully dined before.",2,AHC
"Apparently, we were out of luck.",2,AHC
Makes it a good tool to figure out how far you actually are hitting the ball.,2,AHC
"But neither cashier was anywhere near those controls, and the manager was the one serving food to customers and clearing the boards.\nThe manager was rude when giving me my order.",2,AHC
"First Citizen: No,'tis his kind of speech: he did not mock us.",3,AHC
"I bought a three month membership last year, mainly to attend the Silver Sneakers classes.",2,AHC
"Third Citizen: You must think, if we give you any thing, we hope to gain by you.",3,AHC
"Were I as patient as the midnight sleep, By Jove, 'twould be my mind!",3,AHC
"The first answer he came back with was that the chicken came in a pre-portioned prepared bag, kind of Kentucky Fried Chicken style...which didn't answer my question, thus prompting the second trip.",2,AHC
"Fellow Motown star Walter ""Clyde"" Orange of the Commodores, who also performed in the special 26 years ago, said he asked for Jackson's autograph at the time, but Jackson gave him the glove instead.",2,AHC
"MARCIUS: Sir, praise me not; My work hath yet not warm'd me: fare you well: The blood I drop is rather physical Than dangerous to me: to Aufidius thus I will appear, and fight.",3,AHC
"THE INTERRUPTED MASS The morning of that Wednesday of Corpus Christi, fateful to all concerned in this chronicle, dawned misty and grey, and the air was chilled by the wind that blew from the sea.",3,AHC
"SICINIUS: Besides, if things go well, Opinion that so sticks on Marcius shall Of his demerits rob Cominius.",3,AHC
The rest of my items were just as perfect.,2,AHC
"You are plebeians, If they be senators: and they are no less, When, both your voices blended, the great'st taste Most palates theirs.",3,AHC
SICINIUS: Have you Ere now denied the asker?,3,AHC
It seems that his staff simply never answers the phone.,2,AHC
"Bold gentleman, Prosperity be thy page!",3,AHC
Waiter disappeared for 45 minutes to serve larger group due to staffing mismanagement.,2,AHC
"\n\nAmbiance, like I said, left much to be desired.",2,AHC
"SICINIUS: How now, my masters!",3,AHC
Why not be an upstanding company that consumers can trust?,2,AHC
30 minutes to get a glass of wine.,2,AHC
"COMINIUS: Too modest are you; More cruel to your good report than grateful To us that give you truly: by your patience, If 'gainst yourself you be incensed, we'll put you, Like one that means his proper harm, in manacles, Then reason safely with you.",3,AHC
I told him how frustrated I was about the lack of communication.,2,AHC
This led to us waiting another 30 minutes for him to correct it.,2,AHC
"SICINIUS: Say, you chose him More after our commandment than as guided By your own true affections, and that your minds, Preoccupied with what you rather must do Than what you should, made you against the grain To voice him consul: lay the fault on us.",3,AHC
She got the order messed up and so on.,2,AHC
Just don't go hungry if you actually have tastebuds.\n\nFrom what I understand it 'used to be' really good homecooked food.,2,AHC
My dad and I both ordered the trout special (trout with roasted red peppers and lump crabmeat).,2,AHC
"It is cash only, and they sell the last bucket at 8, despite having lights.",2,AHC
"BRUTUS: Lay A fault on us, your tribunes; that we laboured, No impediment between, but that you must Cast your election on him.",3,AHC
"BRUTUS: Did you perceive He did solicit you in free contempt When he did need your loves, and do you think That his contempt shall not be bruising to you, When he hath power to crush?",3,AHC
"Now put your shields before your hearts, and fight With hearts more proof than shields.",3,AHC
Great little gem!,2,AHC
"Lead their successes as we wish our own, That both our powers, with smiling fronts encountering, May give you thankful sacrifice.",3,AHC
It was delicious!,2,AHC
"Sat in the back room, instead of the bar, which felt more like a restaurant, of course, with the big screen TV covering the sports of the moment.\n\nI was in the mood for dinner this time, and after a scan, decided on fried chicken and mashed potatoes with the salad bar.",2,AHC
I have never had any issues with bone loss with previous extractions so I didn't feel it was necessary.,2,AHC
"MARCIUS: I have some wounds upon me, and they smart To hear themselves remember'd.",3,AHC
"But for one to still fail so spectacularly...that takes something special!\nThe cashier took my friends's order, then promptly ignored me.",2,AHC
"MENENIUS: What work's, my countrymen, in hand?",3,AHC
There is no grass on the range.,2,AHC
"If only I could GET there on that week day before 4...\n\nThe waitress did a good job, especially since there was quite a growing crowd at lunchtime on a Saturday, and only one of her.",2,AHC
"Not to be repeated, never again!",2,AHC
COMINIUS: I shall lack voice: the deeds of Coriolanus Should not be utter'd feebly.,3,AHC
MENENIUS: It then remains That you do speak to the people.,3,AHC
"Later, I found out my health insurance doesn't pay for preventative visits.",2,AHC
"""Rudolph the Red-Nosed Reindeer"" premiered on television December 6, 1964, and is now one of the holiday season's perennial favorites.",2,AHC
"MARCIUS: All the contagion of the south light on you, You shames of Rome!",3,AHC
"They know the corn Was not our recompense, resting well assured That ne'er did service for't: being press'd to the war, Even when the navel of the state was touch'd, They would not thread the gates.",3,AHC
"\n\nWell, the chicken was prepackaged dreck like you'd find in the freezer case of Walmart, tiny and not good, and the potatoes had that slight tinge of chem-spuds flavor, laden with some kind of chopped up green (parsley?",2,AHC
Average run of the mill store.,2,AHC
"COMINIUS: I could myself Take up a brace o' the best of them; yea, the two tribunes: But now 'tis odds beyond arithmetic; And manhood is call'd foolery, when it stands Against a falling fabric.",3,AHC
"It is a replica of the grotto at Lourdes, France where the Virgin Mary reputedly appeared to Saint Bernadette Soubirous in 1858.",2,AHC
"They also appeared to be from a freezer bag.\n\nThe irony was that the boy who didn't know white meat from dark meat, was chatting with some other customers...about baseball...and he was a genius about the mindless sport of baseball.",2,AHC
"Though Marcius earned them not, and all his faults To Marcius shall be honours, though indeed In aught he merit not.",3,AHC
"Fresh ingredients, simple preparation, reasonable prices.",2,AHC
"For under $5, if I recall.\n\nHUGE portions, all well-executed; as good as DeLuca's.\n\nI've not had anything besides breakfast, so can't comment on the burger or anything else.\n\nCramped quarters, and you'll have to wait, but when nothing but monster morning food will do, this is the destination.",2,AHC
"BRUTUS: Call't not a plot: The people cry you mock'd them, and of late, When corn was given them gratis, you repined; Scandal'd the suppliants for the people, call'd them Time-pleasers, flatterers, foes to nobleness.",3,AHC
"Also keep in mind that my wife still had not gotten the water she had been asking for, and my iced tea had been refilled with a soda (yes, believe that or not).",2,AHC
MENENIUS: On both sides more respect.,3,AHC
"The Reubens were decent, but not NY awesome.",2,AHC
If you like being greeted in the morning by a gym worker slopping down eggs from a frying pany instead of working....this is your gym....complain to the manager and she gets nasty....try getting in touch with the owner....impossible!,2,AHC
"COMINIUS: So, to our tent; Where, ere we do repose us, we will write To Rome of our success.",3,AHC
All the food is great here.,2,AHC
MENENIUS: Let's be calm.,3,AHC
"I could weep And I could laugh, I am light and heavy.",3,AHC
"Go, sound thy trumpet in the market-place; Call thither all the officers o' the town, Where they shall know our mind: away!",3,AHC
"VIRGILIA: O, no, no, no.",3,AHC
"The Italian food was amazing, but you can not leave without a dessert and be prepared for giant serving.",2,AHC
"First Senator: Speak, good Cominius: Leave nothing out for length, and make us think Rather our state's defective for requital Than we to stretch it out.",3,AHC
are you lords o' the field?,3,AHC
?\n\nMy friend is well traveled and frequently stays at higher end hotels and dines at quality restaurants.,2,AHC
"Second Citizen: Amen, sir: to my poor unworthy notice, He mock'd us when he begg'd our voices.",3,AHC
"I eat there almost every time I visit, and everything I've ever ordered has been fantastic.",2,AHC
"Yay, I'm a fan of the white pizza.",2,AHC
The third and last issue I have is that i always paid cash at the end of my visits and somehow I have received an invoice for $55.,2,AHC
"BRUTUS: Say, you ne'er had done't-- Harp on that still--but by our putting on; And presently, when you have drawn your number, Repair to the Capitol.",3,AHC
The items were done in a timely manner.,2,AHC
"I didn't know any better, so I agreed to schedule the extraction for a few weeks later.",2,AHC
Francesco and his two followers.,3,AHC
"CORIOLANUS: To brag unto them, thus I did, and thus; Show them the unaching scars which I should hide, As if I had received them for the hire Of their breath only!",3,AHC
"\n\nI completely understand that waiting on the permit is not their fault, but why no communication about it?",2,AHC
"My first time going to Barb's Country Junction and I really wanted to like this place, I really did...however, I didn't.\n\nThe food was decent, some was above average and some below but it was overall decent.",2,AHC
"All: Welcome to Rome, renowned Coriolanus!",3,AHC
"SICINIUS: When we were chosen tribunes for the people,-- BRUTUS: Mark'd you his lip and eyes?",3,AHC
"Fantastic wings that are crispy and delicious, wing night on Tuesday and Thursday!",2,AHC
"I asked what chicken pieces came in the dinner, and asked if it was possible to only get dark meat.",2,AHC
Finally I called and left messages.,2,AHC
I was told that part of the tooth had broken off and that a crown was no longer possible.,2,AHC
"Decent mats, clean balls and accessible hours.",2,AHC
"90% of the time when you call the office, they'll put you through to a voice mail, that NO ONE ever answers or returns your call.",2,AHC
SICINIUS: Especially in pride.,3,AHC
I will not be going back nor will I have nice things to say about them.,2,AHC
"But apparently, mama has left the kitchen.",2,AHC
"MARCIUS: O, let me clip ye In arms as sound as when I woo'd, in heart As merry as when our nuptial day was done, And tapers burn'd to bedward!",3,AHC
We took it home & it was so bad I didn't even eat my leftovers.,2,AHC
"CORIOLANUS: Though there the people had more absolute power, I say, they nourish'd disobedience, fed The ruin of the state.",3,AHC
"Both Citizens: The gods give you joy, sir, heartily!",3,AHC
"A certain number, Though thanks to all, must I select from all: the rest Shall bear the business in some other fight, As cause will be obey'd.",3,AHC
Food unremarkable.,2,AHC
First Senator: To unbuild the city and to lay all flat.,3,AHC
"Begun as a one-page journal in September 1876, the Scholastic magazine is issued twice monthly and claims to be the oldest continuous collegiate publication in the United States.",1,AHC
\nIf you want smth quick and it is late at night then i would say Denny's!,2,AHC
"VIRGILIA: Yes, certain, there's a letter for you; I saw't.",3,AHC
"First Citizen: I say unto you, what he hath done famously, he did it to that end: though soft-conscienced men can be content to say it was for his country he did it to please his mother and to be partly proud; which he is, even till the altitude of his virtue.",3,AHC
"And to make matters even worse, his office staff is incompetent.",2,AHC
"A little too thick on the bread, but overall, tasty and definitely filling.",2,AHC
"VOLUMNIA: Nay,'tis true.",3,AHC
I was originally told it would take 30 mins.,2,AHC
"What would you have, you curs, That like nor peace nor war?",3,AHC
"In addition, the office staff said the onus is on me to make sure my insurance covers visits.",2,AHC
The worst part though was the thick doughy crust that tasted more like a fishy sourdough roll.,2,AHC
"MENENIUS: Either you must Confess yourselves wondrous malicious, Or be accused of folly.",3,AHC
"CORIOLANUS: Whoever gave that counsel, to give forth The corn o' the storehouse gratis, as 'twas used Sometime in Greece,-- MENENIUS: Well, well, no more of that.",3,AHC
She is honest and never trys to sell you a bunch a stuff that you dont need.,2,AHC
"MENENIUS: This is strange now: do you two know how you are censured here in the city, I mean of us o' the right-hand file?",3,AHC
"We were celebrating 2 birthdays.\n\nWe LOVED the food, it was delicious.",2,AHC
He that depends Upon your favours swims with fins of lead And hews down oaks with rushes.,3,AHC
"It is a replica of the grotto at Lourdes, France where the Virgin Mary reputedly appeared to Saint Bernadette Soubirous in 1858.",2,AHC
"BRUTUS: Why, shall the people give One that speaks thus their voice?",3,AHC
Very thorough and wants to be kept in the loop on every aspect of your medical health and your life.,2,AHC
Fast and friendly service.,2,AHC
"Who deserves greatness Deserves your hate; and your affections are A sick man's appetite, who desires most that Which would increase his evil.",3,AHC
"At the end of the main drive (and in a direct line that connects through 3 statues and the Gold Dome), is a simple, modern stone statue of Mary.",4,AHC
I swear this guy must have just looked at the menu for the first time a few minutes ago.\n\nBut it wasn't just the knowledge of the menu.,2,AHC
"I find it strange they don't keep their phone number in service with a recording and that they didn't cover the course up to protect it from weather, vandalism, etc.",2,AHC
\n\nThe last (and final) time I ordered here I just so happened to be picking up my order while a health inspector from allegheny county health department was making his rounds.,2,AHC
Have you not set them on?,2,AHC
"MARCIUS: I do beseech you, By all the battles wherein we have fought, By the blood we have shed together, by the vows We have made to endure friends, that you directly Set me against Aufidius and his Antiates; And that you not delay the present, but, Filling the air with swords advanced and darts, We prove this very hour.",3,AHC
I have contacted the BBB and a lawyer.,2,AHC
"Being i' the war Their mutinies and revolts, wherein they show'd Most valour, spoke not for them: the accusation Which they have often made against the senate, All cause unborn, could never be the motive Of our so frank donation.",3,AHC
He takes his business very seriously.,2,AHC
"speak, I pray you.",3,AHC
An extraction on the tooth that just had a root canal.,2,AHC
"MENENIUS: Our very priests must become mockers, if they shall encounter such ridiculous subjects as you are.",3,AHC
"If we and Caius Marcius chance to meet, 'Tis sworn between us we shall ever strike Till one can do no more.",3,AHC
They caused a very large deformity in my jaw and I am at risk to lose additional teeth.,2,AHC
"First Officer: No more of him; he is a worthy man: make way, they are coming.",3,AHC
"First Senator: No, nor a man that fears you less than he, That's lesser than a little.",3,AHC
I was literally ganging from all the blood running down the back of my throat.,2,AHC
MARCIUS: How lies their battle?,3,AHC
"SICINIUS: Thus to have said, As you were fore-advised, had touch'd his spirit And tried his inclination; from him pluck'd Either his gracious promise, which you might, As cause had call'd you up, have held him to Or else it would have gall'd his surly nature, Which easily endures not article Tying him to aught; so putting him to rage, You should have ta'en the advantage of his choler And pass'd him unelected.",3,AHC
"I prithee, noble friend, home to thy house; Leave us to cure this cause.",3,AHC
VALERIA: How do you both?,3,AHC
It's actually pretty funny if you're not a) hungry or b) thirsty.,2,AHC
"At that point, realizing that the only food to be had in the place was what was crusted on the menus, we asked to pay for our drinks and left.",2,AHC
I took this for silver.,2,AHC
Go you to the city; Learn how 'tis held; and what they are that must Be hostages for Rome.,3,AHC
"ay, I warrant you, and not without his true purchasing.",2,AHC
Pain severe enough that I had to call off work and I couldn't sleep at night.,2,AHC
"First Senator: Marcius, 'tis true that you have lately told us; The Volsces are in arms.",3,AHC
"The other magazine, The Juggler, is released twice a year and focuses on student literature and artwork.",1,AHC
"MENENIUS: 'Though all at once cannot See what I do deliver out to each, Yet I can make my audit up, that all From me do back receive the flour of all, And leave me but the bran.'",3,AHC
"God-den to your worships: more of your conversation would infect my brain, being the herdsmen of the beastly plebeians: I will be bold to take my leave of you.",3,AHC
"You are three That Rome should dote on: yet, by the faith of men, We have some old crab-trees here at home that will not Be grafted to your relish.",3,AHC
Did I mention that?,2,AHC
"Okay, so hopefully you haven't been enjoying happy hour @ Riley's Pour House before you read this or you might not be able to follow the lilting Irish owners.",2,AHC
"Mind you, this was the end of May we met with him.",2,AHC
"'Tis thought That Marcius shall be consul: I have seen the dumb men throng to see him and The blind to bear him speak: matrons flung gloves, Ladies and maids their scarfs and handkerchers, Upon him as he pass'd: the nobles bended, As to Jove's statue, and the commons made A shower and thunder with their caps and shouts: I never saw the like.",3,AHC
If it were up to me I would have never returned.,2,AHC
"MENENIUS: Because you talk of pride now,--will you not be angry?",3,AHC
; ).,2,AHC
Huge sandwich!,2,AHC
"CORIOLANUS: No, sir: yet oft, When blows have made me stay, I fled from words.",3,AHC
