Estimator,Final Avg Reward,AUC Avg Reward,Final % Optimal,AUC % Optimal
Sample Average,1.4077166945219197,1.343919660740144,68.5,68.04495
Constant α,1.4063247655767583,1.338181343442761,75.2,68.83765
Unbiased α,1.4474331906763065,1.370740461022094,77.55,73.668575
Sliding Window,1.4733215927125614,1.367265466721853,75.2,73.08022500000001
