Estimator,Final Avg Reward,AUC Avg Reward,Final % Optimal,AUC % Optimal
Sample Average,1.3983747805222362,1.3538482526602786,83.7,76.6199
Constant α,1.3026944974564516,1.3200564499686476,77.35,71.001175
Unbiased α,1.3658356242805254,1.3507934154877188,79.85,75.73225
Sliding Window,1.38084543869603,1.3560957630039554,84.0,77.69002499999999
