Agent,Best Parameter,Best Avg Reward
ε-greedy,0.03125,1.3930703391075359
UCB,1.0,1.5192211948901064
Optimistic,1.0,1.4914641112528575
Softmax,0.25,1.4420999322916683
Gradient bandit,0.5,1.406637467567823
